Czas_Rejestracji;Liczba_Wolnych_Miejsc;Liczba_Poj_Wjezdzajacych;Liczba_Poj_Wyjezdzajacych;Nazwa
2017-06-06 00:00:00.043;275;0;0;Nowy Targ
2017-06-06 00:00:01.403;97;0;0;ul. œw. Antoniego
2017-06-06 00:00:01.807;786;0;0;Parking Hala Stulecia
2017-06-06 00:03:51.000;599;0;1;Narodowe Forum Muzyki
2017-06-06 00:05:00.010;275;0;0;Nowy Targ
2017-06-06 00:05:01.437;786;0;0;Parking Hala Stulecia
2017-06-06 00:05:01.513;97;0;0;ul. œw. Antoniego
2017-06-06 00:06:32.597;604;0;0;Renoma
2017-06-06 00:08:51.000;599;0;0;Narodowe Forum Muzyki
2017-06-06 00:10:00.030;275;0;0;Nowy Targ
2017-06-06 00:10:01.443;97;0;0;ul. œw. Antoniego
2017-06-06 00:10:02.183;786;0;0;Parking Hala Stulecia
2017-06-06 00:15:00.010;275;0;0;Nowy Targ
2017-06-06 00:15:01.163;97;0;0;ul. œw. Antoniego
2017-06-06 00:15:01.543;786;0;0;Parking Hala Stulecia
2017-06-06 00:16:32.590;566;0;0;Renoma
2017-06-06 00:20:00.043;276;0;1;Nowy Targ
2017-06-06 00:20:01.287;97;0;0;ul. œw. Antoniego
2017-06-06 00:20:01.963;786;0;0;Parking Hala Stulecia
2017-06-06 00:23:51.000;605;0;0;Narodowe Forum Muzyki
2017-06-06 00:25:00.013;276;0;0;Nowy Targ
2017-06-06 00:25:01.483;786;0;0;Parking Hala Stulecia
2017-06-06 00:25:02.080;97;0;0;ul. œw. Antoniego
2017-06-06 00:26:32.423;552;0;0;Renoma
2017-06-06 00:28:51.000;605;0;0;Narodowe Forum Muzyki
2017-06-06 00:30:00.047;276;0;0;Nowy Targ
2017-06-06 00:30:01.317;786;0;0;Parking Hala Stulecia
2017-06-06 00:30:01.583;99;0;1;ul. œw. Antoniego
2017-06-06 00:33:51.000;605;0;0;Narodowe Forum Muzyki
2017-06-06 00:35:00.010;277;0;1;Nowy Targ
2017-06-06 00:35:01.837;99;0;0;ul. œw. Antoniego
2017-06-06 00:35:02.047;786;0;0;Parking Hala Stulecia
2017-06-06 00:36:32.410;598;0;0;Renoma
2017-06-06 00:38:51.000;605;0;0;Narodowe Forum Muzyki
2017-06-06 00:40:00.043;277;0;0;Nowy Targ
2017-06-06 00:40:01.727;99;0;0;ul. œw. Antoniego
2017-06-06 00:40:02.120;786;0;0;Parking Hala Stulecia
2017-06-06 00:43:51.000;605;0;0;Narodowe Forum Muzyki
2017-06-06 00:45:00.010;277;0;0;Nowy Targ
2017-06-06 00:45:01.603;101;0;1;ul. œw. Antoniego
2017-06-06 00:45:01.913;786;0;0;Parking Hala Stulecia
2017-06-06 00:46:32.517;541;0;0;Renoma
2017-06-06 00:48:51.000;605;0;0;Narodowe Forum Muzyki
2017-06-06 00:50:00.030;277;0;0;Nowy Targ
2017-06-06 00:50:01.533;786;0;0;Parking Hala Stulecia
2017-06-06 00:50:01.727;101;0;0;ul. œw. Antoniego
2017-06-06 00:53:51.000;606;0;1;Narodowe Forum Muzyki
2017-06-06 00:55:00.010;277;0;0;Nowy Targ
2017-06-06 00:55:01.473;101;0;0;ul. œw. Antoniego
2017-06-06 00:55:02.190;786;0;0;Parking Hala Stulecia
2017-06-06 00:56:32.407;557;0;0;Renoma
2017-06-06 00:58:51.000;606;0;0;Narodowe Forum Muzyki
2017-06-06 01:00:00.023;277;0;0;Nowy Targ
2017-06-06 01:00:01.397;101;0;0;ul. œw. Antoniego
2017-06-06 01:00:01.783;786;0;0;Parking Hala Stulecia
2017-06-06 01:03:51.000;606;0;0;Narodowe Forum Muzyki
2017-06-06 01:05:00.010;277;0;0;Nowy Targ
2017-06-06 01:05:01.713;101;0;0;ul. œw. Antoniego
2017-06-06 01:05:01.770;786;0;0;Parking Hala Stulecia
2017-06-06 01:06:32.373;599;0;0;Renoma
2017-06-06 01:10:00.040;277;0;0;Nowy Targ
2017-06-06 01:10:01.493;786;0;0;Parking Hala Stulecia
2017-06-06 01:10:01.807;101;0;0;ul. œw. Antoniego
2017-06-06 01:15:00.010;277;0;0;Nowy Targ
2017-06-06 01:15:01.227;102;0;1;ul. œw. Antoniego
2017-06-06 01:15:02.133;786;0;0;Parking Hala Stulecia
2017-06-06 01:16:32.497;546;0;0;Renoma
2017-06-06 01:20:00.143;277;0;0;Nowy Targ
2017-06-06 01:20:01.397;786;0;0;Parking Hala Stulecia
2017-06-06 01:20:01.717;102;0;0;ul. œw. Antoniego
2017-06-06 01:23:51.000;606;0;0;Narodowe Forum Muzyki
2017-06-06 01:25:00.010;277;0;0;Nowy Targ
2017-06-06 01:25:01.217;786;0;0;Parking Hala Stulecia
2017-06-06 01:25:01.533;102;0;0;ul. œw. Antoniego
2017-06-06 01:26:32.373;577;0;0;Renoma
2017-06-06 01:28:51.000;606;0;0;Narodowe Forum Muzyki
2017-06-06 01:30:00.043;277;0;0;Nowy Targ
2017-06-06 01:30:01.510;102;0;0;ul. œw. Antoniego
2017-06-06 01:30:01.927;786;0;0;Parking Hala Stulecia
2017-06-06 01:33:51.000;606;0;0;Narodowe Forum Muzyki
2017-06-06 01:35:00.010;277;0;0;Nowy Targ
2017-06-06 01:35:01.807;102;0;0;ul. œw. Antoniego
2017-06-06 01:35:01.817;786;0;0;Parking Hala Stulecia
2017-06-06 01:36:32.457;605;0;0;Renoma
2017-06-06 01:38:51.000;606;0;0;Narodowe Forum Muzyki
2017-06-06 01:40:00.043;277;0;0;Nowy Targ
2017-06-06 01:40:01.380;102;0;0;ul. œw. Antoniego
2017-06-06 01:40:02.057;786;0;0;Parking Hala Stulecia
2017-06-06 01:43:51.000;606;0;0;Narodowe Forum Muzyki
2017-06-06 01:45:00.010;277;0;0;Nowy Targ
2017-06-06 01:45:01.250;102;0;0;ul. œw. Antoniego
2017-06-06 01:45:01.843;786;0;0;Parking Hala Stulecia
2017-06-06 01:46:32.517;593;0;0;Renoma
2017-06-06 01:48:51.000;606;0;0;Narodowe Forum Muzyki
2017-06-06 01:50:00.047;277;0;0;Nowy Targ
2017-06-06 01:50:01.270;102;0;0;ul. œw. Antoniego
2017-06-06 01:50:02.070;786;0;0;Parking Hala Stulecia
2017-06-06 01:53:51.000;606;0;0;Narodowe Forum Muzyki
2017-06-06 01:55:00.010;277;0;0;Nowy Targ
2017-06-06 01:55:01.150;102;0;0;ul. œw. Antoniego
2017-06-06 01:55:01.930;786;0;0;Parking Hala Stulecia
2017-06-06 01:58:51.000;606;0;0;Narodowe Forum Muzyki
2017-06-06 02:00:00.043;277;0;0;Nowy Targ
2017-06-06 02:00:01.207;786;0;0;Parking Hala Stulecia
2017-06-06 02:00:01.743;102;0;0;ul. œw. Antoniego
2017-06-06 02:03:51.000;606;0;0;Narodowe Forum Muzyki
2017-06-06 02:05:00.013;277;0;0;Nowy Targ
2017-06-06 02:05:01.650;102;0;0;ul. œw. Antoniego
2017-06-06 02:05:01.863;786;0;0;Parking Hala Stulecia
2017-06-06 02:06:32.417;589;0;0;Renoma
2017-06-06 02:08:51.000;606;0;0;Narodowe Forum Muzyki
2017-06-06 02:10:00.043;277;0;0;Nowy Targ
2017-06-06 02:10:01.653;786;0;0;Parking Hala Stulecia
2017-06-06 02:10:01.727;102;0;0;ul. œw. Antoniego
2017-06-06 02:13:51.000;606;0;0;Narodowe Forum Muzyki
2017-06-06 02:15:00.010;277;0;0;Nowy Targ
2017-06-06 02:15:01.777;102;0;0;ul. œw. Antoniego
2017-06-06 02:15:01.927;786;0;0;Parking Hala Stulecia
2017-06-06 02:18:51.000;606;0;0;Narodowe Forum Muzyki
2017-06-06 02:20:00.040;277;0;0;Nowy Targ
2017-06-06 02:20:01.373;786;0;0;Parking Hala Stulecia
2017-06-06 02:20:02.137;102;0;0;ul. œw. Antoniego
2017-06-06 02:23:51.000;606;0;0;Narodowe Forum Muzyki
2017-06-06 02:25:00.010;277;0;0;Nowy Targ
2017-06-06 02:25:01.817;786;0;0;Parking Hala Stulecia
2017-06-06 02:25:02.043;102;0;0;ul. œw. Antoniego
2017-06-06 02:26:32.527;584;0;0;Renoma
2017-06-06 02:28:51.000;606;0;0;Narodowe Forum Muzyki
2017-06-06 02:30:00.030;277;0;0;Nowy Targ
2017-06-06 02:30:01.250;786;0;0;Parking Hala Stulecia
2017-06-06 02:30:02.113;102;0;0;ul. œw. Antoniego
2017-06-06 02:33:51.000;606;0;0;Narodowe Forum Muzyki
2017-06-06 02:35:00.010;277;0;0;Nowy Targ
2017-06-06 02:35:01.483;786;0;0;Parking Hala Stulecia
2017-06-06 02:35:01.677;104;0;1;ul. œw. Antoniego
2017-06-06 02:36:32.397;562;0;0;Renoma
2017-06-06 02:38:51.000;606;0;0;Narodowe Forum Muzyki
2017-06-06 02:40:00.040;277;0;0;Nowy Targ
2017-06-06 02:40:01.897;786;0;0;Parking Hala Stulecia
2017-06-06 02:40:01.943;104;0;0;ul. œw. Antoniego
2017-06-06 02:43:51.000;606;0;0;Narodowe Forum Muzyki
2017-06-06 02:45:00.010;277;0;0;Nowy Targ
2017-06-06 02:45:01.967;104;0;0;ul. œw. Antoniego
2017-06-06 02:45:02.130;786;0;0;Parking Hala Stulecia
2017-06-06 02:46:32.440;565;0;0;Renoma
2017-06-06 02:48:51.000;606;0;0;Narodowe Forum Muzyki
2017-06-06 02:50:00.043;277;0;0;Nowy Targ
2017-06-06 02:50:01.317;786;0;0;Parking Hala Stulecia
2017-06-06 02:50:02.077;104;0;0;ul. œw. Antoniego
2017-06-06 02:53:51.000;606;0;0;Narodowe Forum Muzyki
2017-06-06 02:55:00.010;277;0;0;Nowy Targ
2017-06-06 02:55:01.527;104;0;0;ul. œw. Antoniego
2017-06-06 02:55:01.757;786;0;0;Parking Hala Stulecia
2017-06-06 02:56:32.490;541;0;0;Renoma
2017-06-06 02:58:51.000;606;0;0;Narodowe Forum Muzyki
2017-06-06 03:00:00.050;277;0;0;Nowy Targ
2017-06-06 03:00:01.917;786;0;0;Parking Hala Stulecia
2017-06-06 03:00:01.937;104;0;0;ul. œw. Antoniego
2017-06-06 03:03:51.000;606;0;0;Narodowe Forum Muzyki
2017-06-06 03:05:00.010;277;0;0;Nowy Targ
2017-06-06 03:05:01.400;104;0;0;ul. œw. Antoniego
2017-06-06 03:05:01.493;786;0;0;Parking Hala Stulecia
2017-06-06 03:06:32.463;592;0;0;Renoma
2017-06-06 03:08:51.000;606;0;0;Narodowe Forum Muzyki
2017-06-06 03:10:00.040;277;0;0;Nowy Targ
2017-06-06 03:10:02.133;104;0;0;ul. œw. Antoniego
2017-06-06 03:10:02.203;786;0;0;Parking Hala Stulecia
2017-06-06 03:13:51.000;606;0;0;Narodowe Forum Muzyki
2017-06-06 03:15:00.010;277;0;0;Nowy Targ
2017-06-06 03:15:01.383;104;0;0;ul. œw. Antoniego
2017-06-06 03:15:01.567;786;0;0;Parking Hala Stulecia
2017-06-06 03:16:32.413;575;0;0;Renoma
2017-06-06 03:18:51.000;606;0;0;Narodowe Forum Muzyki
2017-06-06 03:20:00.043;277;0;0;Nowy Targ
2017-06-06 03:20:01.713;104;0;0;ul. œw. Antoniego
2017-06-06 03:20:01.913;786;0;0;Parking Hala Stulecia
2017-06-06 03:23:51.000;606;0;0;Narodowe Forum Muzyki
2017-06-06 03:25:00.010;277;0;0;Nowy Targ
2017-06-06 03:25:01.230;786;0;0;Parking Hala Stulecia
2017-06-06 03:25:01.260;104;0;0;ul. œw. Antoniego
2017-06-06 03:26:32.537;602;0;0;Renoma
2017-06-06 03:28:51.000;606;0;0;Narodowe Forum Muzyki
2017-06-06 03:30:00.043;277;0;0;Nowy Targ
2017-06-06 03:30:01.927;104;0;0;ul. œw. Antoniego
2017-06-06 03:30:01.970;786;0;0;Parking Hala Stulecia
2017-06-06 03:33:51.000;606;0;0;Narodowe Forum Muzyki
2017-06-06 03:35:00.010;277;0;0;Nowy Targ
2017-06-06 03:35:01.417;786;0;0;Parking Hala Stulecia
2017-06-06 03:35:01.587;104;0;0;ul. œw. Antoniego
2017-06-06 03:38:51.000;606;0;0;Narodowe Forum Muzyki
2017-06-06 03:40:00.043;277;0;0;Nowy Targ
2017-06-06 03:40:01.477;104;0;0;ul. œw. Antoniego
2017-06-06 03:40:02.143;786;0;0;Parking Hala Stulecia
2017-06-06 03:43:51.000;606;0;0;Narodowe Forum Muzyki
2017-06-06 03:45:00.010;277;0;0;Nowy Targ
2017-06-06 03:45:01.423;104;0;0;ul. œw. Antoniego
2017-06-06 03:45:01.920;786;0;0;Parking Hala Stulecia
2017-06-06 03:46:32.447;537;0;0;Renoma
2017-06-06 03:48:51.000;606;0;0;Narodowe Forum Muzyki
2017-06-06 03:50:00.057;277;0;0;Nowy Targ
2017-06-06 03:50:01.543;786;0;0;Parking Hala Stulecia
2017-06-06 03:50:01.643;104;0;0;ul. œw. Antoniego
2017-06-06 03:53:51.000;606;0;0;Narodowe Forum Muzyki
2017-06-06 03:55:00.010;277;0;0;Nowy Targ
2017-06-06 03:55:01.317;786;0;0;Parking Hala Stulecia
2017-06-06 03:55:01.630;104;0;0;ul. œw. Antoniego
2017-06-06 03:56:32.497;567;0;0;Renoma
2017-06-06 03:58:51.000;606;0;0;Narodowe Forum Muzyki
2017-06-06 04:00:00.043;277;0;0;Nowy Targ
2017-06-06 04:00:01.550;104;0;0;ul. œw. Antoniego
2017-06-06 04:00:02.090;786;0;0;Parking Hala Stulecia
2017-06-06 04:03:51.000;606;0;0;Narodowe Forum Muzyki
2017-06-06 04:05:00.010;277;0;0;Nowy Targ
2017-06-06 04:05:01.853;785;1;0;Parking Hala Stulecia
2017-06-06 04:05:01.990;104;0;0;ul. œw. Antoniego
2017-06-06 04:06:32.470;583;0;0;Renoma
2017-06-06 04:08:51.000;606;0;0;Narodowe Forum Muzyki
2017-06-06 04:10:00.043;277;0;0;Nowy Targ
2017-06-06 04:10:01.153;104;0;0;ul. œw. Antoniego
2017-06-06 04:10:01.603;786;0;1;Parking Hala Stulecia
2017-06-06 04:13:51.000;606;0;0;Narodowe Forum Muzyki
2017-06-06 04:15:00.010;277;0;0;Nowy Targ
2017-06-06 04:15:01.257;786;0;0;Parking Hala Stulecia
2017-06-06 04:15:02.123;104;0;0;ul. œw. Antoniego
2017-06-06 04:16:32.443;541;0;0;Renoma
2017-06-06 04:18:51.000;606;0;0;Narodowe Forum Muzyki
2017-06-06 04:20:00.043;277;0;0;Nowy Targ
2017-06-06 04:20:01.637;786;0;0;Parking Hala Stulecia
2017-06-06 04:20:02.020;104;0;0;ul. œw. Antoniego
2017-06-06 04:23:51.000;606;0;0;Narodowe Forum Muzyki
2017-06-06 04:25:00.010;277;0;0;Nowy Targ
2017-06-06 04:25:01.410;786;0;0;Parking Hala Stulecia
2017-06-06 04:25:01.790;104;0;0;ul. œw. Antoniego
2017-06-06 04:28:51.000;606;0;0;Narodowe Forum Muzyki
2017-06-06 04:30:00.047;277;0;0;Nowy Targ
2017-06-06 04:30:01.277;104;0;0;ul. œw. Antoniego
2017-06-06 04:30:01.937;786;0;0;Parking Hala Stulecia
2017-06-06 04:33:51.000;606;0;0;Narodowe Forum Muzyki
2017-06-06 04:35:00.013;278;0;1;Nowy Targ
2017-06-06 04:35:01.850;104;0;0;ul. œw. Antoniego
2017-06-06 04:35:01.903;786;0;0;Parking Hala Stulecia
2017-06-06 04:36:20.837;558;0;0;Renoma
2017-06-06 04:38:51.000;606;0;0;Narodowe Forum Muzyki
2017-06-06 04:40:00.033;278;0;0;Nowy Targ
2017-06-06 04:40:01.317;786;0;0;Parking Hala Stulecia
2017-06-06 04:40:01.707;104;0;0;ul. œw. Antoniego
2017-06-06 04:43:51.000;606;0;0;Narodowe Forum Muzyki
2017-06-06 04:45:00.013;278;0;0;Nowy Targ
2017-06-06 04:45:01.667;786;0;0;Parking Hala Stulecia
2017-06-06 04:45:01.823;104;0;0;ul. œw. Antoniego
2017-06-06 04:46:20.663;570;0;0;Renoma
2017-06-06 04:48:51.000;606;0;0;Narodowe Forum Muzyki
2017-06-06 04:50:00.043;278;0;0;Nowy Targ
2017-06-06 04:50:01.713;104;0;0;ul. œw. Antoniego
2017-06-06 04:50:01.907;786;0;0;Parking Hala Stulecia
2017-06-06 04:53:51.000;606;0;0;Narodowe Forum Muzyki
2017-06-06 04:55:00.013;278;0;0;Nowy Targ
2017-06-06 04:55:01.750;104;0;0;ul. œw. Antoniego
2017-06-06 04:55:02.177;786;0;0;Parking Hala Stulecia
2017-06-06 04:56:20.283;536;0;0;Renoma
2017-06-06 04:58:51.000;606;0;0;Narodowe Forum Muzyki
2017-06-06 05:00:00.033;278;0;0;Nowy Targ
2017-06-06 05:00:01.193;104;0;0;ul. œw. Antoniego
2017-06-06 05:00:01.937;786;0;0;Parking Hala Stulecia
2017-06-06 05:03:51.000;606;0;0;Narodowe Forum Muzyki
2017-06-06 05:05:00.010;278;0;0;Nowy Targ
2017-06-06 05:05:01.953;106;0;1;ul. œw. Antoniego
2017-06-06 05:05:02.157;786;0;0;Parking Hala Stulecia
2017-06-06 05:08:51.000;606;0;0;Narodowe Forum Muzyki
2017-06-06 05:10:00.043;278;0;0;Nowy Targ
2017-06-06 05:10:01.373;106;0;0;ul. œw. Antoniego
2017-06-06 05:10:01.437;786;0;0;Parking Hala Stulecia
2017-06-06 05:13:51.000;606;0;0;Narodowe Forum Muzyki
2017-06-06 05:15:00.010;277;1;0;Nowy Targ
2017-06-06 05:15:01.593;106;0;0;ul. œw. Antoniego
2017-06-06 05:15:01.737;786;0;0;Parking Hala Stulecia
2017-06-06 05:16:19.297;599;0;0;Renoma
2017-06-06 05:18:51.000;606;0;0;Narodowe Forum Muzyki
2017-06-06 05:20:00.043;277;0;0;Nowy Targ
2017-06-06 05:20:01.313;786;0;0;Parking Hala Stulecia
2017-06-06 05:20:02.100;106;0;0;ul. œw. Antoniego
2017-06-06 05:23:51.000;606;0;0;Narodowe Forum Muzyki
2017-06-06 05:25:00.010;277;0;0;Nowy Targ
2017-06-06 05:25:01.510;106;0;0;ul. œw. Antoniego
2017-06-06 05:25:01.637;786;0;0;Parking Hala Stulecia
2017-06-06 05:28:51.000;606;0;0;Narodowe Forum Muzyki
2017-06-06 05:30:00.033;277;0;0;Nowy Targ
2017-06-06 05:30:01.657;106;0;0;ul. œw. Antoniego
2017-06-06 05:30:01.967;786;0;0;Parking Hala Stulecia
2017-06-06 05:33:51.000;606;0;0;Narodowe Forum Muzyki
2017-06-06 05:35:00.010;277;0;0;Nowy Targ
2017-06-06 05:35:01.493;786;0;0;Parking Hala Stulecia
2017-06-06 05:35:02.107;106;0;0;ul. œw. Antoniego
2017-06-06 05:36:18.630;585;0;0;Renoma
2017-06-06 05:38:51.000;606;0;0;Narodowe Forum Muzyki
2017-06-06 05:40:00.043;276;1;0;Nowy Targ
2017-06-06 05:40:01.687;786;0;0;Parking Hala Stulecia
2017-06-06 05:40:02.030;106;0;0;ul. œw. Antoniego
2017-06-06 05:43:51.000;606;0;0;Narodowe Forum Muzyki
2017-06-06 05:45:00.010;276;0;0;Nowy Targ
2017-06-06 05:45:01.627;106;0;0;ul. œw. Antoniego
2017-06-06 05:45:01.687;786;0;0;Parking Hala Stulecia
2017-06-06 05:48:51.000;606;0;0;Narodowe Forum Muzyki
2017-06-06 05:50:00.043;277;0;1;Nowy Targ
2017-06-06 05:50:01.993;106;0;0;ul. œw. Antoniego
2017-06-06 05:50:02.013;786;0;0;Parking Hala Stulecia
2017-06-06 05:53:51.000;606;0;0;Narodowe Forum Muzyki
2017-06-06 05:55:00.010;277;0;0;Nowy Targ
2017-06-06 05:55:01.230;786;0;0;Parking Hala Stulecia
2017-06-06 05:55:01.823;106;0;0;ul. œw. Antoniego
2017-06-06 05:56:17.977;561;0;0;Renoma
2017-06-06 05:58:51.000;606;0;0;Narodowe Forum Muzyki
2017-06-06 06:00:00.043;277;0;0;Nowy Targ
2017-06-06 06:00:01.447;786;0;0;Parking Hala Stulecia
2017-06-06 06:00:01.730;106;0;1;ul. œw. Antoniego
2017-06-06 06:03:51.000;606;0;0;Narodowe Forum Muzyki
2017-06-06 06:05:00.010;277;0;0;Nowy Targ
2017-06-06 06:05:01.597;106;0;0;ul. œw. Antoniego
2017-06-06 06:05:01.880;786;0;0;Parking Hala Stulecia
2017-06-06 06:06:17.650;600;0;0;Renoma
2017-06-06 06:08:51.000;606;0;0;Narodowe Forum Muzyki
2017-06-06 06:10:00.037;277;0;0;Nowy Targ
2017-06-06 06:10:02.000;106;0;0;ul. œw. Antoniego
2017-06-06 06:10:02.053;786;0;0;Parking Hala Stulecia
2017-06-06 06:13:51.000;606;0;0;Narodowe Forum Muzyki
2017-06-06 06:15:00.010;277;0;0;Nowy Targ
2017-06-06 06:15:01.227;106;0;0;ul. œw. Antoniego
2017-06-06 06:15:01.500;786;0;0;Parking Hala Stulecia
2017-06-06 06:16:17.257;560;0;0;Renoma
2017-06-06 06:18:51.000;606;0;0;Narodowe Forum Muzyki
2017-06-06 06:20:00.040;275;2;0;Nowy Targ
2017-06-06 06:20:01.237;786;0;0;Parking Hala Stulecia
2017-06-06 06:20:01.977;106;0;0;ul. œw. Antoniego
2017-06-06 06:23:51.000;606;0;0;Narodowe Forum Muzyki
2017-06-06 06:25:00.010;275;0;0;Nowy Targ
2017-06-06 06:25:01.530;786;0;0;Parking Hala Stulecia
2017-06-06 06:25:02.087;106;0;0;ul. œw. Antoniego
2017-06-06 06:26:16.880;547;0;0;Renoma
2017-06-06 06:28:51.000;606;0;0;Narodowe Forum Muzyki
2017-06-06 06:30:00.047;275;0;0;Nowy Targ
2017-06-06 06:30:01.407;106;0;0;ul. œw. Antoniego
2017-06-06 06:30:02.073;785;1;0;Parking Hala Stulecia
2017-06-06 06:33:51.000;606;0;0;Narodowe Forum Muzyki
2017-06-06 06:35:00.010;275;0;0;Nowy Targ
2017-06-06 06:35:01.190;106;0;1;ul. œw. Antoniego
2017-06-06 06:35:01.323;785;0;0;Parking Hala Stulecia
2017-06-06 06:36:16.537;609;0;0;Renoma
2017-06-06 06:38:51.000;606;0;0;Narodowe Forum Muzyki
2017-06-06 06:40:00.040;275;0;0;Nowy Targ
2017-06-06 06:40:01.450;785;0;0;Parking Hala Stulecia
2017-06-06 06:40:01.857;106;0;0;ul. œw. Antoniego
2017-06-06 06:43:51.000;606;0;0;Narodowe Forum Muzyki
2017-06-06 06:45:00.010;275;0;0;Nowy Targ
2017-06-06 06:45:02.030;106;0;0;ul. œw. Antoniego
2017-06-06 06:45:02.297;784;1;0;Parking Hala Stulecia
2017-06-06 06:46:16.067;545;0;0;Renoma
2017-06-06 06:48:51.000;606;0;0;Narodowe Forum Muzyki
2017-06-06 06:50:00.043;274;1;0;Nowy Targ
2017-06-06 06:50:01.597;106;0;0;ul. œw. Antoniego
2017-06-06 06:50:01.920;784;0;0;Parking Hala Stulecia
2017-06-06 06:53:51.000;605;1;0;Narodowe Forum Muzyki
2017-06-06 06:55:00.013;272;2;0;Nowy Targ
2017-06-06 06:55:01.867;784;0;0;Parking Hala Stulecia
2017-06-06 06:55:02.103;106;1;0;ul. œw. Antoniego
2017-06-06 06:56:15.550;591;0;0;Renoma
2017-06-06 06:58:51.000;605;1;0;Narodowe Forum Muzyki
2017-06-06 07:00:00.037;271;1;0;Nowy Targ
2017-06-06 07:00:01.223;104;2;0;ul. œw. Antoniego
2017-06-06 07:00:01.300;784;0;0;Parking Hala Stulecia
2017-06-06 07:03:51.000;605;1;0;Narodowe Forum Muzyki
2017-06-06 07:05:00.010;270;1;0;Nowy Targ
2017-06-06 07:05:01.207;102;1;0;ul. œw. Antoniego
2017-06-06 07:05:01.423;784;0;0;Parking Hala Stulecia
2017-06-06 07:06:15.753;575;0;0;Renoma
2017-06-06 07:08:51.000;605;1;0;Narodowe Forum Muzyki
2017-06-06 07:10:00.043;269;2;1;Nowy Targ
2017-06-06 07:10:01.277;784;0;0;Parking Hala Stulecia
2017-06-06 07:10:01.453;104;0;1;ul. œw. Antoniego
2017-06-06 07:13:51.000;604;1;0;Narodowe Forum Muzyki
2017-06-06 07:15:00.013;264;5;0;Nowy Targ
2017-06-06 07:15:01.957;104;0;0;ul. œw. Antoniego
2017-06-06 07:15:02.130;784;0;0;Parking Hala Stulecia
2017-06-06 07:16:15.397;525;0;0;Renoma
2017-06-06 07:18:51.000;604;0;0;Narodowe Forum Muzyki
2017-06-06 07:20:00.043;258;6;0;Nowy Targ
2017-06-06 07:20:01.913;104;0;0;ul. œw. Antoniego
2017-06-06 07:20:02.190;784;0;0;Parking Hala Stulecia
2017-06-06 07:23:51.000;603;1;0;Narodowe Forum Muzyki
2017-06-06 07:25:00.010;258;3;3;Nowy Targ
2017-06-06 07:25:01.517;104;0;0;ul. œw. Antoniego
2017-06-06 07:25:01.623;784;0;0;Parking Hala Stulecia
2017-06-06 07:26:15.177;531;0;0;Renoma
2017-06-06 07:28:51.000;604;0;1;Narodowe Forum Muzyki
2017-06-06 07:30:00.033;253;5;0;Nowy Targ
2017-06-06 07:30:01.417;104;0;0;ul. œw. Antoniego
2017-06-06 07:30:01.760;784;2;2;Parking Hala Stulecia
2017-06-06 07:33:51.000;604;0;1;Narodowe Forum Muzyki
2017-06-06 07:35:00.010;244;10;1;Nowy Targ
2017-06-06 07:35:01.230;784;0;0;Parking Hala Stulecia
2017-06-06 07:35:01.807;103;1;0;ul. œw. Antoniego
2017-06-06 07:36:14.917;599;0;0;Renoma
2017-06-06 07:38:51.000;604;0;1;Narodowe Forum Muzyki
2017-06-06 07:40:00.050;244;1;1;Nowy Targ
2017-06-06 07:40:01.517;102;1;0;ul. œw. Antoniego
2017-06-06 07:40:01.710;784;0;0;Parking Hala Stulecia
2017-06-06 07:43:51.000;602;2;0;Narodowe Forum Muzyki
2017-06-06 07:45:00.010;236;8;0;Nowy Targ
2017-06-06 07:45:01.403;101;1;0;ul. œw. Antoniego
2017-06-06 07:45:01.843;781;3;0;Parking Hala Stulecia
2017-06-06 07:46:14.783;572;0;0;Renoma
2017-06-06 07:48:51.000;602;0;0;Narodowe Forum Muzyki
2017-06-06 07:50:00.040;231;5;0;Nowy Targ
2017-06-06 07:50:01.327;781;0;0;Parking Hala Stulecia
2017-06-06 07:50:01.463;101;0;0;ul. œw. Antoniego
2017-06-06 07:53:51.000;602;0;0;Narodowe Forum Muzyki
2017-06-06 07:55:00.010;227;4;0;Nowy Targ
2017-06-06 07:55:01.217;100;1;0;ul. œw. Antoniego
2017-06-06 07:55:02.167;781;0;0;Parking Hala Stulecia
2017-06-06 07:56:15.287;533;0;0;Renoma
2017-06-06 07:58:51.000;597;5;1;Narodowe Forum Muzyki
2017-06-06 08:00:00.047;218;11;2;Nowy Targ
2017-06-06 08:00:01.753;99;1;0;ul. œw. Antoniego
2017-06-06 08:00:01.773;779;2;0;Parking Hala Stulecia
2017-06-06 08:03:51.000;596;1;1;Narodowe Forum Muzyki
2017-06-06 08:05:00.010;212;7;1;Nowy Targ
2017-06-06 08:05:01.663;779;1;1;Parking Hala Stulecia
2017-06-06 08:05:01.763;98;1;0;ul. œw. Antoniego
2017-06-06 08:06:14.810;522;0;0;Renoma
2017-06-06 08:08:51.000;595;2;2;Narodowe Forum Muzyki
2017-06-06 08:10:00.043;208;6;2;Nowy Targ
2017-06-06 08:10:01.637;92;4;0;ul. œw. Antoniego
2017-06-06 08:10:01.903;778;1;0;Parking Hala Stulecia
2017-06-06 08:13:51.000;595;2;2;Narodowe Forum Muzyki
2017-06-06 08:15:00.010;204;6;2;Nowy Targ
2017-06-06 08:15:01.770;777;1;0;Parking Hala Stulecia
2017-06-06 08:15:01.787;93;1;1;ul. œw. Antoniego
2017-06-06 08:16:14.713;533;0;0;Renoma
2017-06-06 08:18:51.000;594;1;0;Narodowe Forum Muzyki
2017-06-06 08:20:00.043;197;7;0;Nowy Targ
2017-06-06 08:20:01.430;91;2;0;ul. œw. Antoniego
2017-06-06 08:20:01.833;777;0;0;Parking Hala Stulecia
2017-06-06 08:23:52.000;591;3;0;Narodowe Forum Muzyki
2017-06-06 08:25:00.010;190;10;3;Nowy Targ
2017-06-06 08:25:01.853;775;2;0;Parking Hala Stulecia
2017-06-06 08:25:02.033;89;1;0;ul. œw. Antoniego
2017-06-06 08:26:14.347;478;0;0;Renoma
2017-06-06 08:28:51.000;591;1;1;Narodowe Forum Muzyki
2017-06-06 08:30:00.043;188;7;5;Nowy Targ
2017-06-06 08:30:01.490;88;1;0;ul. œw. Antoniego
2017-06-06 08:30:02.120;774;1;0;Parking Hala Stulecia
2017-06-06 08:33:51.000;592;0;1;Narodowe Forum Muzyki
2017-06-06 08:35:00.013;181;10;3;Nowy Targ
2017-06-06 08:35:01.827;773;1;0;Parking Hala Stulecia
2017-06-06 08:35:01.990;89;2;2;ul. œw. Antoniego
2017-06-06 08:36:14.113;484;0;0;Renoma
2017-06-06 08:38:51.000;589;4;1;Narodowe Forum Muzyki
2017-06-06 08:40:00.043;173;8;0;Nowy Targ
2017-06-06 08:40:01.150;89;0;0;ul. œw. Antoniego
2017-06-06 08:40:01.857;774;0;1;Parking Hala Stulecia
2017-06-06 08:43:51.000;588;1;0;Narodowe Forum Muzyki
2017-06-06 08:45:00.013;167;7;1;Nowy Targ
2017-06-06 08:45:01.200;87;3;1;ul. œw. Antoniego
2017-06-06 08:45:01.757;773;1;0;Parking Hala Stulecia
2017-06-06 08:46:13.690;441;0;0;Renoma
2017-06-06 08:48:51.000;588;1;1;Narodowe Forum Muzyki
2017-06-06 08:50:00.040;159;8;0;Nowy Targ
2017-06-06 08:50:01.637;774;0;1;Parking Hala Stulecia
2017-06-06 08:50:02.087;84;3;0;ul. œw. Antoniego
2017-06-06 08:53:51.000;583;7;2;Narodowe Forum Muzyki
2017-06-06 08:55:00.010;156;7;4;Nowy Targ
2017-06-06 08:55:01.163;85;1;1;ul. œw. Antoniego
2017-06-06 08:55:01.677;772;2;0;Parking Hala Stulecia
2017-06-06 08:56:13.580;415;0;0;Renoma
2017-06-06 08:58:51.000;583;1;1;Narodowe Forum Muzyki
2017-06-06 09:00:00.030;153;5;2;Nowy Targ
2017-06-06 09:00:01.647;769;3;0;Parking Hala Stulecia
2017-06-06 09:00:01.993;79;4;0;ul. œw. Antoniego
2017-06-06 09:03:51.000;576;7;0;Narodowe Forum Muzyki
2017-06-06 09:05:00.013;142;12;1;Nowy Targ
2017-06-06 09:05:01.570;80;3;2;ul. œw. Antoniego
2017-06-06 09:05:01.603;769;0;0;Parking Hala Stulecia
2017-06-06 09:06:13.157;427;0;0;Renoma
2017-06-06 09:08:53.000;574;5;1;Narodowe Forum Muzyki
2017-06-06 09:10:00.043;133;10;1;Nowy Targ
2017-06-06 09:10:01.443;768;1;0;Parking Hala Stulecia
2017-06-06 09:10:01.853;80;0;0;ul. œw. Antoniego
2017-06-06 09:13:51.000;573;1;1;Narodowe Forum Muzyki
2017-06-06 09:15:00.010;132;2;1;Nowy Targ
2017-06-06 09:15:01.183;76;3;0;ul. œw. Antoniego
2017-06-06 09:15:01.820;763;5;0;Parking Hala Stulecia
2017-06-06 09:16:12.890;422;0;0;Renoma
2017-06-06 09:18:51.000;570;5;2;Narodowe Forum Muzyki
2017-06-06 09:20:00.050;132;2;2;Nowy Targ
2017-06-06 09:20:01.573;761;2;0;Parking Hala Stulecia
2017-06-06 09:20:01.883;75;1;0;ul. œw. Antoniego
2017-06-06 09:23:52.000;569;2;2;Narodowe Forum Muzyki
2017-06-06 09:25:00.010;127;5;0;Nowy Targ
2017-06-06 09:25:01.270;753;8;0;Parking Hala Stulecia
2017-06-06 09:25:01.890;75;0;0;ul. œw. Antoniego
2017-06-06 09:26:13.203;361;0;0;Renoma
2017-06-06 09:28:51.000;567;2;0;Narodowe Forum Muzyki
2017-06-06 09:30:00.047;124;10;6;Nowy Targ
2017-06-06 09:30:01.293;752;2;1;Parking Hala Stulecia
2017-06-06 09:30:01.380;74;1;0;ul. œw. Antoniego
2017-06-06 09:33:51.000;567;1;0;Narodowe Forum Muzyki
2017-06-06 09:35:00.010;121;3;0;Nowy Targ
2017-06-06 09:35:01.703;73;1;0;ul. œw. Antoniego
2017-06-06 09:35:02.047;748;4;0;Parking Hala Stulecia
2017-06-06 09:36:12.873;329;0;0;Renoma
2017-06-06 09:38:51.000;563;4;0;Narodowe Forum Muzyki
2017-06-06 09:40:00.043;121;2;2;Nowy Targ
2017-06-06 09:40:01.570;77;0;3;ul. œw. Antoniego
2017-06-06 09:40:02.107;746;5;3;Parking Hala Stulecia
2017-06-06 09:43:51.000;561;4;1;Narodowe Forum Muzyki
2017-06-06 09:45:00.010;119;4;2;Nowy Targ
2017-06-06 09:45:01.743;75;1;0;ul. œw. Antoniego
2017-06-06 09:45:02.110;741;5;0;Parking Hala Stulecia
2017-06-06 09:46:12.420;364;0;0;Renoma
2017-06-06 09:48:52.000;555;7;2;Narodowe Forum Muzyki
2017-06-06 09:50:00.043;117;6;4;Nowy Targ
2017-06-06 09:50:01.663;737;7;3;Parking Hala Stulecia
2017-06-06 09:50:02.023;74;1;0;ul. œw. Antoniego
2017-06-06 09:55:00.013;116;5;4;Nowy Targ
2017-06-06 09:55:01.317;76;1;2;ul. œw. Antoniego
2017-06-06 09:55:01.793;735;4;2;Parking Hala Stulecia
2017-06-06 09:56:11.927;357;0;0;Renoma
2017-06-06 09:58:51.000;546;3;2;Narodowe Forum Muzyki
2017-06-06 10:00:00.043;113;3;0;Nowy Targ
2017-06-06 10:00:01.657;75;1;0;ul. œw. Antoniego
2017-06-06 10:00:01.953;731;4;0;Parking Hala Stulecia
2017-06-06 10:03:51.000;547;2;3;Narodowe Forum Muzyki
2017-06-06 10:05:00.010;113;4;4;Nowy Targ
2017-06-06 10:05:01.407;731;1;1;Parking Hala Stulecia
2017-06-06 10:05:01.683;72;2;0;ul. œw. Antoniego
2017-06-06 10:06:11.560;323;0;0;Renoma
2017-06-06 10:08:52.000;542;6;1;Narodowe Forum Muzyki
2017-06-06 10:10:00.043;112;4;3;Nowy Targ
2017-06-06 10:10:01.330;727;5;1;Parking Hala Stulecia
2017-06-06 10:10:01.787;74;1;2;ul. œw. Antoniego
2017-06-06 10:13:52.000;537;8;3;Narodowe Forum Muzyki
2017-06-06 10:15:00.010;113;3;4;Nowy Targ
2017-06-06 10:15:01.827;721;7;1;Parking Hala Stulecia
2017-06-06 10:15:02.100;76;0;1;ul. œw. Antoniego
2017-06-06 10:16:11.543;287;0;0;Renoma
2017-06-06 10:18:52.000;537;2;2;Narodowe Forum Muzyki
2017-06-06 10:20:00.043;106;8;1;Nowy Targ
2017-06-06 10:20:01.883;72;3;1;ul. œw. Antoniego
2017-06-06 10:20:02.120;720;4;3;Parking Hala Stulecia
2017-06-06 10:23:52.000;538;2;3;Narodowe Forum Muzyki
2017-06-06 10:25:00.013;107;2;2;Nowy Targ
2017-06-06 10:25:01.327;715;7;2;Parking Hala Stulecia
2017-06-06 10:25:01.860;72;0;0;ul. œw. Antoniego
2017-06-06 10:26:11.570;311;0;0;Renoma
2017-06-06 10:28:52.000;540;1;3;Narodowe Forum Muzyki
2017-06-06 10:30:00.043;109;2;4;Nowy Targ
2017-06-06 10:30:01.437;713;3;1;Parking Hala Stulecia
2017-06-06 10:30:01.743;70;1;0;ul. œw. Antoniego
2017-06-06 10:33:52.000;548;0;8;Narodowe Forum Muzyki
2017-06-06 10:35:00.013;104;6;1;Nowy Targ
2017-06-06 10:35:01.307;70;0;0;ul. œw. Antoniego
2017-06-06 10:35:01.433;712;3;2;Parking Hala Stulecia
2017-06-06 10:36:11.227;254;0;0;Renoma
2017-06-06 10:38:52.000;547;3;2;Narodowe Forum Muzyki
2017-06-06 10:40:00.043;101;4;1;Nowy Targ
2017-06-06 10:40:01.707;70;0;0;ul. œw. Antoniego
2017-06-06 10:40:02.130;708;5;1;Parking Hala Stulecia
2017-06-06 10:43:52.000;539;8;0;Narodowe Forum Muzyki
2017-06-06 10:45:00.010;98;4;1;Nowy Targ
2017-06-06 10:45:01.550;69;1;0;ul. œw. Antoniego
2017-06-06 10:45:02.290;708;4;4;Parking Hala Stulecia
2017-06-06 10:46:10.883;244;0;0;Renoma
2017-06-06 10:48:52.000;536;5;2;Narodowe Forum Muzyki
2017-06-06 10:50:00.043;99;4;5;Nowy Targ
2017-06-06 10:50:01.413;704;5;1;Parking Hala Stulecia
2017-06-06 10:50:01.517;65;2;0;ul. œw. Antoniego
2017-06-06 10:53:52.000;533;6;3;Narodowe Forum Muzyki
2017-06-06 10:55:00.017;99;5;5;Nowy Targ
2017-06-06 10:55:01.393;702;3;1;Parking Hala Stulecia
2017-06-06 10:55:01.657;60;3;0;ul. œw. Antoniego
2017-06-06 10:56:10.877;245;0;0;Renoma
2017-06-06 10:58:52.000;533;6;3;Narodowe Forum Muzyki
2017-06-06 11:00:00.030;98;7;6;Nowy Targ
2017-06-06 11:00:01.467;698;7;3;Parking Hala Stulecia
2017-06-06 11:00:01.730;56;2;0;ul. œw. Antoniego
2017-06-06 11:03:52.000;533;6;3;Narodowe Forum Muzyki
2017-06-06 11:05:00.010;99;2;3;Nowy Targ
2017-06-06 11:05:01.177;59;1;3;ul. œw. Antoniego
2017-06-06 11:05:01.853;690;8;0;Parking Hala Stulecia
2017-06-06 11:06:10.773;253;0;0;Renoma
2017-06-06 11:08:52.000;533;6;3;Narodowe Forum Muzyki
2017-06-06 11:10:00.043;101;1;3;Nowy Targ
2017-06-06 11:10:01.297;58;3;2;ul. œw. Antoniego
2017-06-06 11:10:01.700;685;7;2;Parking Hala Stulecia
2017-06-06 11:13:52.000;529;0;0;Narodowe Forum Muzyki
2017-06-06 11:15:00.010;101;5;5;Nowy Targ
2017-06-06 11:15:01.267;56;1;0;ul. œw. Antoniego
2017-06-06 11:15:01.783;682;3;0;Parking Hala Stulecia
2017-06-06 11:16:10.507;239;0;0;Renoma
2017-06-06 11:18:52.000;512;4;3;Narodowe Forum Muzyki
2017-06-06 11:20:00.037;99;3;1;Nowy Targ
2017-06-06 11:20:01.480;681;5;4;Parking Hala Stulecia
2017-06-06 11:20:02.100;49;5;2;ul. œw. Antoniego
2017-06-06 11:23:52.000;511;3;3;Narodowe Forum Muzyki
2017-06-06 11:25:00.010;94;8;3;Nowy Targ
2017-06-06 11:25:01.543;675;9;3;Parking Hala Stulecia
2017-06-06 11:25:01.873;41;4;0;ul. œw. Antoniego
2017-06-06 11:26:10.097;221;0;0;Renoma
2017-06-06 11:28:52.000;510;2;1;Narodowe Forum Muzyki
2017-06-06 11:30:00.043;93;2;1;Nowy Targ
2017-06-06 11:30:01.373;42;0;1;ul. œw. Antoniego
2017-06-06 11:30:01.963;668;9;2;Parking Hala Stulecia
2017-06-06 11:33:52.000;511;2;3;Narodowe Forum Muzyki
2017-06-06 11:35:00.010;100;1;8;Nowy Targ
2017-06-06 11:35:01.553;663;6;1;Parking Hala Stulecia
2017-06-06 11:35:02.047;41;2;1;ul. œw. Antoniego
2017-06-06 11:36:09.727;228;0;0;Renoma
2017-06-06 11:38:52.000;511;6;6;Narodowe Forum Muzyki
2017-06-06 11:40:00.043;98;2;0;Nowy Targ
2017-06-06 11:40:01.293;659;7;3;Parking Hala Stulecia
2017-06-06 11:40:01.543;41;2;2;ul. œw. Antoniego
2017-06-06 11:43:52.000;515;5;8;Narodowe Forum Muzyki
2017-06-06 11:45:00.013;99;4;5;Nowy Targ
2017-06-06 11:45:01.303;41;1;1;ul. œw. Antoniego
2017-06-06 11:45:01.887;655;4;0;Parking Hala Stulecia
2017-06-06 11:46:09.390;235;0;0;Renoma
2017-06-06 11:48:52.000;520;4;6;Narodowe Forum Muzyki
2017-06-06 11:50:00.013;91;10;2;Nowy Targ
2017-06-06 11:50:01.197;43;1;2;ul. œw. Antoniego
2017-06-06 11:50:02.053;654;5;4;Parking Hala Stulecia
2017-06-06 11:53:52.000;521;4;3;Narodowe Forum Muzyki
2017-06-06 11:55:00.010;89;2;0;Nowy Targ
2017-06-06 11:55:01.197;44;0;1;ul. œw. Antoniego
2017-06-06 11:55:01.670;651;4;1;Parking Hala Stulecia
2017-06-06 11:56:08.887;206;0;0;Renoma
2017-06-06 11:58:52.000;525;2;5;Narodowe Forum Muzyki
2017-06-06 12:00:00.027;92;2;5;Nowy Targ
2017-06-06 12:00:01.730;46;1;2;ul. œw. Antoniego
2017-06-06 12:00:02.097;651;4;4;Parking Hala Stulecia
2017-06-06 12:03:52.000;530;0;5;Narodowe Forum Muzyki
2017-06-06 12:05:00.010;91;5;4;Nowy Targ
2017-06-06 12:05:01.137;48;1;2;ul. œw. Antoniego
2017-06-06 12:05:02.087;648;6;3;Parking Hala Stulecia
2017-06-06 12:06:08.263;203;0;0;Renoma
2017-06-06 12:08:52.000;524;7;1;Narodowe Forum Muzyki
2017-06-06 12:10:00.043;92;3;4;Nowy Targ
2017-06-06 12:10:01.260;44;3;1;ul. œw. Antoniego
2017-06-06 12:10:01.723;644;7;3;Parking Hala Stulecia
2017-06-06 12:13:52.000;524;6;6;Narodowe Forum Muzyki
2017-06-06 12:15:00.010;90;4;2;Nowy Targ
2017-06-06 12:15:01.177;45;3;4;ul. œw. Antoniego
2017-06-06 12:15:01.737;644;3;3;Parking Hala Stulecia
2017-06-06 12:16:07.820;192;0;0;Renoma
2017-06-06 12:18:52.000;525;3;4;Narodowe Forum Muzyki
2017-06-06 12:20:00.043;92;6;8;Nowy Targ
2017-06-06 12:20:01.483;644;3;3;Parking Hala Stulecia
2017-06-06 12:20:01.813;43;1;0;ul. œw. Antoniego
2017-06-06 12:23:52.000;521;7;3;Narodowe Forum Muzyki
2017-06-06 12:25:00.010;89;5;2;Nowy Targ
2017-06-06 12:25:01.447;639;5;0;Parking Hala Stulecia
2017-06-06 12:25:01.897;43;3;3;ul. œw. Antoniego
2017-06-06 12:26:07.557;188;0;0;Renoma
2017-06-06 12:28:52.000;518;5;2;Narodowe Forum Muzyki
2017-06-06 12:30:00.047;88;4;3;Nowy Targ
2017-06-06 12:30:01.393;37;5;2;ul. œw. Antoniego
2017-06-06 12:30:01.940;642;1;4;Parking Hala Stulecia
2017-06-06 12:33:52.000;517;2;1;Narodowe Forum Muzyki
2017-06-06 12:35:00.013;87;4;3;Nowy Targ
2017-06-06 12:35:01.850;40;1;3;ul. œw. Antoniego
2017-06-06 12:35:02.023;638;7;3;Parking Hala Stulecia
2017-06-06 12:36:07.297;218;0;0;Renoma
2017-06-06 12:38:52.000;520;1;4;Narodowe Forum Muzyki
2017-06-06 12:40:00.043;87;6;6;Nowy Targ
2017-06-06 12:40:01.350;636;4;2;Parking Hala Stulecia
2017-06-06 12:40:01.850;41;2;2;ul. œw. Antoniego
2017-06-06 12:43:52.000;522;2;5;Narodowe Forum Muzyki
2017-06-06 12:45:00.010;85;4;2;Nowy Targ
2017-06-06 12:45:01.367;636;1;1;Parking Hala Stulecia
2017-06-06 12:45:01.817;34;4;0;ul. œw. Antoniego
2017-06-06 12:46:07.247;184;0;0;Renoma
2017-06-06 12:48:52.000;522;3;3;Narodowe Forum Muzyki
2017-06-06 12:50:00.033;87;6;8;Nowy Targ
2017-06-06 12:50:01.393;33;1;0;ul. œw. Antoniego
2017-06-06 12:50:02.153;632;6;2;Parking Hala Stulecia
2017-06-06 12:53:52.000;524;3;5;Narodowe Forum Muzyki
2017-06-06 12:55:00.013;85;5;4;Nowy Targ
2017-06-06 12:55:01.230;632;1;1;Parking Hala Stulecia
2017-06-06 12:55:01.293;39;1;4;ul. œw. Antoniego
2017-06-06 12:56:06.677;176;0;0;Renoma
2017-06-06 12:58:52.000;525;4;5;Narodowe Forum Muzyki
2017-06-06 13:00:00.043;85;4;4;Nowy Targ
2017-06-06 13:00:01.513;37;2;1;ul. œw. Antoniego
2017-06-06 13:00:02.083;633;1;2;Parking Hala Stulecia
2017-06-06 13:03:52.000;523;5;3;Narodowe Forum Muzyki
2017-06-06 13:05:00.010;83;6;4;Nowy Targ
2017-06-06 13:05:01.410;634;2;3;Parking Hala Stulecia
2017-06-06 13:05:01.470;40;1;3;ul. œw. Antoniego
2017-06-06 13:06:06.267;182;0;0;Renoma
2017-06-06 13:08:52.000;525;5;7;Narodowe Forum Muzyki
2017-06-06 13:10:00.043;85;4;6;Nowy Targ
2017-06-06 13:10:01.543;639;1;6;Parking Hala Stulecia
2017-06-06 13:10:01.860;32;4;0;ul. œw. Antoniego
2017-06-06 13:13:52.000;533;1;9;Narodowe Forum Muzyki
2017-06-06 13:15:00.010;85;2;2;Nowy Targ
2017-06-06 13:15:01.673;641;2;4;Parking Hala Stulecia
2017-06-06 13:15:02.033;33;1;1;ul. œw. Antoniego
2017-06-06 13:16:05.773;222;0;0;Renoma
2017-06-06 13:18:52.000;532;3;1;Narodowe Forum Muzyki
2017-06-06 13:20:00.043;85;3;3;Nowy Targ
2017-06-06 13:20:01.620;31;2;1;ul. œw. Antoniego
2017-06-06 13:20:01.953;643;2;4;Parking Hala Stulecia
2017-06-06 13:23:52.000;530;4;3;Narodowe Forum Muzyki
2017-06-06 13:25:00.010;82;6;3;Nowy Targ
2017-06-06 13:25:01.590;39;1;5;ul. œw. Antoniego
2017-06-06 13:25:01.903;644;4;5;Parking Hala Stulecia
2017-06-06 13:26:05.787;216;0;0;Renoma
2017-06-06 13:28:52.000;528;4;2;Narodowe Forum Muzyki
2017-06-06 13:30:00.043;81;4;3;Nowy Targ
2017-06-06 13:30:01.573;43;1;3;ul. œw. Antoniego
2017-06-06 13:30:02.090;646;1;3;Parking Hala Stulecia
2017-06-06 13:33:52.000;529;3;4;Narodowe Forum Muzyki
2017-06-06 13:35:00.010;85;4;8;Nowy Targ
2017-06-06 13:35:01.277;644;3;1;Parking Hala Stulecia
2017-06-06 13:35:01.623;43;2;2;ul. œw. Antoniego
2017-06-06 13:36:05.880;184;0;0;Renoma
2017-06-06 13:38:52.000;528;4;4;Narodowe Forum Muzyki
2017-06-06 13:40:00.050;86;4;5;Nowy Targ
2017-06-06 13:40:01.537;645;1;2;Parking Hala Stulecia
2017-06-06 13:40:01.947;45;0;1;ul. œw. Antoniego
2017-06-06 13:43:52.000;527;4;3;Narodowe Forum Muzyki
2017-06-06 13:45:00.023;82;8;4;Nowy Targ
2017-06-06 13:45:01.603;645;2;2;Parking Hala Stulecia
2017-06-06 13:45:02.017;46;2;3;ul. œw. Antoniego
2017-06-06 13:46:05.737;180;0;0;Renoma
2017-06-06 13:48:52.000;526;4;3;Narodowe Forum Muzyki
2017-06-06 13:50:00.043;83;2;3;Nowy Targ
2017-06-06 13:50:01.413;647;2;4;Parking Hala Stulecia
2017-06-06 13:50:01.847;44;1;0;ul. œw. Antoniego
2017-06-06 13:53:52.000;525;3;2;Narodowe Forum Muzyki
2017-06-06 13:55:00.010;83;3;3;Nowy Targ
2017-06-06 13:55:01.670;40;2;0;ul. œw. Antoniego
2017-06-06 13:55:02.177;650;1;4;Parking Hala Stulecia
2017-06-06 13:56:05.887;177;0;0;Renoma
2017-06-06 13:58:52.000;522;6;3;Narodowe Forum Muzyki
2017-06-06 14:00:00.047;84;3;4;Nowy Targ
2017-06-06 14:00:01.350;651;1;2;Parking Hala Stulecia
2017-06-06 14:00:01.850;41;0;1;ul. œw. Antoniego
2017-06-06 14:03:52.000;519;5;2;Narodowe Forum Muzyki
2017-06-06 14:05:00.010;89;3;8;Nowy Targ
2017-06-06 14:05:02.030;41;2;2;ul. œw. Antoniego
2017-06-06 14:05:02.180;648;5;2;Parking Hala Stulecia
2017-06-06 14:06:05.637;210;0;0;Renoma
2017-06-06 14:08:52.000;519;0;2;Narodowe Forum Muzyki
2017-06-06 14:10:00.040;87;5;3;Nowy Targ
2017-06-06 14:10:01.207;41;0;0;ul. œw. Antoniego
2017-06-06 14:10:01.567;647;2;1;Parking Hala Stulecia
2017-06-06 14:13:52.000;522;1;4;Narodowe Forum Muzyki
2017-06-06 14:15:00.010;94;2;9;Nowy Targ
2017-06-06 14:15:01.640;36;3;0;ul. œw. Antoniego
2017-06-06 14:15:01.893;648;3;4;Parking Hala Stulecia
2017-06-06 14:16:05.743;231;0;0;Renoma
2017-06-06 14:18:52.000;523;4;5;Narodowe Forum Muzyki
2017-06-06 14:20:00.043;96;2;4;Nowy Targ
2017-06-06 14:20:01.303;35;2;1;ul. œw. Antoniego
2017-06-06 14:20:01.327;650;2;4;Parking Hala Stulecia
2017-06-06 14:23:52.000;526;1;4;Narodowe Forum Muzyki
2017-06-06 14:25:00.010;96;6;6;Nowy Targ
2017-06-06 14:25:01.593;38;1;3;ul. œw. Antoniego
2017-06-06 14:25:02.177;652;2;4;Parking Hala Stulecia
2017-06-06 14:26:05.273;213;0;0;Renoma
2017-06-06 14:28:52.000;531;4;10;Narodowe Forum Muzyki
2017-06-06 14:30:00.040;103;1;8;Nowy Targ
2017-06-06 14:30:01.580;654;3;5;Parking Hala Stulecia
2017-06-06 14:30:02.007;38;0;0;ul. œw. Antoniego
2017-06-06 14:33:52.000;534;0;3;Narodowe Forum Muzyki
2017-06-06 14:35:00.010;99;5;1;Nowy Targ
2017-06-06 14:35:01.543;654;3;3;Parking Hala Stulecia
2017-06-06 14:35:01.960;41;0;3;ul. œw. Antoniego
2017-06-06 14:36:04.783;205;0;0;Renoma
2017-06-06 14:38:52.000;536;2;5;Narodowe Forum Muzyki
2017-06-06 14:40:00.043;98;3;2;Nowy Targ
2017-06-06 14:40:01.753;45;0;2;ul. œw. Antoniego
2017-06-06 14:40:02.130;657;0;3;Parking Hala Stulecia
2017-06-06 14:43:52.000;533;3;0;Narodowe Forum Muzyki
2017-06-06 14:45:00.010;99;4;5;Nowy Targ
2017-06-06 14:45:01.277;661;1;5;Parking Hala Stulecia
2017-06-06 14:45:01.813;53;0;4;ul. œw. Antoniego
2017-06-06 14:46:04.440;235;0;0;Renoma
2017-06-06 14:48:52.000;534;0;2;Narodowe Forum Muzyki
2017-06-06 14:50:00.043;98;3;2;Nowy Targ
2017-06-06 14:50:01.733;53;1;1;ul. œw. Antoniego
2017-06-06 14:50:01.763;665;0;4;Parking Hala Stulecia
2017-06-06 14:53:52.000;537;3;6;Narodowe Forum Muzyki
2017-06-06 14:55:00.010;101;2;5;Nowy Targ
2017-06-06 14:55:01.423;665;2;2;Parking Hala Stulecia
2017-06-06 14:55:01.923;59;0;3;ul. œw. Antoniego
2017-06-06 14:56:04.130;252;0;0;Renoma
2017-06-06 14:58:52.000;536;5;4;Narodowe Forum Muzyki
2017-06-06 15:00:00.033;102;3;4;Nowy Targ
2017-06-06 15:00:01.507;665;1;1;Parking Hala Stulecia
2017-06-06 15:00:01.777;49;5;0;ul. œw. Antoniego
2017-06-06 15:03:52.000;542;0;6;Narodowe Forum Muzyki
2017-06-06 15:05:00.010;101;3;2;Nowy Targ
2017-06-06 15:05:01.407;51;1;2;ul. œw. Antoniego
2017-06-06 15:05:01.880;669;0;4;Parking Hala Stulecia
2017-06-06 15:06:04.053;253;0;0;Renoma
2017-06-06 15:08:52.000;544;2;4;Narodowe Forum Muzyki
2017-06-06 15:10:00.043;100;2;1;Nowy Targ
2017-06-06 15:10:01.207;50;1;0;ul. œw. Antoniego
2017-06-06 15:10:01.913;673;0;4;Parking Hala Stulecia
2017-06-06 15:13:52.000;545;2;3;Narodowe Forum Muzyki
2017-06-06 15:15:00.013;101;1;2;Nowy Targ
2017-06-06 15:15:01.543;676;2;5;Parking Hala Stulecia
2017-06-06 15:15:02.110;58;1;6;ul. œw. Antoniego
2017-06-06 15:16:04.187;243;0;0;Renoma
2017-06-06 15:18:52.000;542;4;1;Narodowe Forum Muzyki
2017-06-06 15:20:00.043;105;1;5;Nowy Targ
2017-06-06 15:20:01.827;63;1;4;ul. œw. Antoniego
2017-06-06 15:20:02.083;682;0;6;Parking Hala Stulecia
2017-06-06 15:23:52.000;543;3;5;Narodowe Forum Muzyki
2017-06-06 15:25:00.017;107;2;4;Nowy Targ
2017-06-06 15:25:01.387;683;0;1;Parking Hala Stulecia
2017-06-06 15:25:02.033;66;0;2;ul. œw. Antoniego
2017-06-06 15:26:03.927;246;0;0;Renoma
2017-06-06 15:28:52.000;542;3;2;Narodowe Forum Muzyki
2017-06-06 15:30:00.040;112;1;6;Nowy Targ
2017-06-06 15:30:01.677;66;2;2;ul. œw. Antoniego
2017-06-06 15:30:02.243;687;0;4;Parking Hala Stulecia
2017-06-06 15:33:52.000;543;2;3;Narodowe Forum Muzyki
2017-06-06 15:35:00.010;112;4;4;Nowy Targ
2017-06-06 15:35:01.277;63;2;0;ul. œw. Antoniego
2017-06-06 15:35:02.143;692;0;5;Parking Hala Stulecia
2017-06-06 15:36:03.567;229;0;0;Renoma
2017-06-06 15:38:52.000;545;2;4;Narodowe Forum Muzyki
2017-06-06 15:40:00.040;118;1;7;Nowy Targ
2017-06-06 15:40:01.230;692;2;2;Parking Hala Stulecia
2017-06-06 15:40:01.233;63;0;0;ul. œw. Antoniego
2017-06-06 15:43:52.000;544;3;2;Narodowe Forum Muzyki
2017-06-06 15:45:00.010;121;1;4;Nowy Targ
2017-06-06 15:45:01.180;63;0;0;ul. œw. Antoniego
2017-06-06 15:45:01.653;696;0;4;Parking Hala Stulecia
2017-06-06 15:46:03.070;244;0;0;Renoma
2017-06-06 15:48:52.000;544;3;5;Narodowe Forum Muzyki
2017-06-06 15:50:00.043;126;0;5;Nowy Targ
2017-06-06 15:50:01.243;696;2;2;Parking Hala Stulecia
2017-06-06 15:50:01.587;64;1;2;ul. œw. Antoniego
2017-06-06 15:53:52.000;547;1;5;Narodowe Forum Muzyki
2017-06-06 15:55:00.037;133;0;7;Nowy Targ
2017-06-06 15:55:01.400;63;1;1;ul. œw. Antoniego
2017-06-06 15:55:02.120;700;0;4;Parking Hala Stulecia
2017-06-06 15:56:02.737;262;0;0;Renoma
2017-06-06 15:58:52.000;543;5;1;Narodowe Forum Muzyki
2017-06-06 16:00:00.043;138;0;5;Nowy Targ
2017-06-06 16:00:01.400;707;1;8;Parking Hala Stulecia
2017-06-06 16:00:02.030;60;2;0;ul. œw. Antoniego
2017-06-06 16:03:52.000;540;3;0;Narodowe Forum Muzyki
2017-06-06 16:05:00.013;136;7;5;Nowy Targ
2017-06-06 16:05:01.497;60;1;1;ul. œw. Antoniego
2017-06-06 16:05:01.867;712;2;7;Parking Hala Stulecia
2017-06-06 16:06:02.917;250;0;0;Renoma
2017-06-06 16:08:52.000;541;5;6;Narodowe Forum Muzyki
2017-06-06 16:10:00.047;143;3;10;Nowy Targ
2017-06-06 16:10:01.487;63;0;2;ul. œw. Antoniego
2017-06-06 16:10:01.823;716;1;5;Parking Hala Stulecia
2017-06-06 16:13:52.000;540;1;1;Narodowe Forum Muzyki
2017-06-06 16:15:00.010;147;0;4;Nowy Targ
2017-06-06 16:15:01.303;69;0;4;ul. œw. Antoniego
2017-06-06 16:15:01.890;721;2;7;Parking Hala Stulecia
2017-06-06 16:16:02.863;244;0;0;Renoma
2017-06-06 16:18:52.000;538;4;3;Narodowe Forum Muzyki
2017-06-06 16:20:00.077;147;4;4;Nowy Targ
2017-06-06 16:20:01.227;69;1;2;ul. œw. Antoniego
2017-06-06 16:20:01.687;724;1;4;Parking Hala Stulecia
2017-06-06 16:23:52.000;537;1;0;Narodowe Forum Muzyki
2017-06-06 16:25:00.010;151;2;6;Nowy Targ
2017-06-06 16:25:01.377;730;0;6;Parking Hala Stulecia
2017-06-06 16:25:01.947;69;0;0;ul. œw. Antoniego
2017-06-06 16:26:02.430;280;0;0;Renoma
2017-06-06 16:28:52.000;536;5;5;Narodowe Forum Muzyki
2017-06-06 16:30:00.010;155;1;5;Nowy Targ
2017-06-06 16:30:01.517;66;2;0;ul. œw. Antoniego
2017-06-06 16:30:02.047;731;3;4;Parking Hala Stulecia
2017-06-06 16:33:52.000;538;2;5;Narodowe Forum Muzyki
2017-06-06 16:35:00.010;161;0;6;Nowy Targ
2017-06-06 16:35:01.303;736;1;6;Parking Hala Stulecia
2017-06-06 16:35:01.840;64;1;0;ul. œw. Antoniego
2017-06-06 16:36:02.367;300;0;0;Renoma
2017-06-06 16:38:52.000;539;1;3;Narodowe Forum Muzyki
2017-06-06 16:40:00.043;168;0;7;Nowy Targ
2017-06-06 16:40:01.573;62;2;1;ul. œw. Antoniego
2017-06-06 16:40:02.160;739;0;3;Parking Hala Stulecia
2017-06-06 16:43:52.000;539;1;1;Narodowe Forum Muzyki
2017-06-06 16:45:00.010;177;1;10;Nowy Targ
2017-06-06 16:45:01.630;60;2;1;ul. œw. Antoniego
2017-06-06 16:45:02.063;747;0;8;Parking Hala Stulecia
2017-06-06 16:46:02.533;282;0;0;Renoma
2017-06-06 16:48:52.000;539;2;2;Narodowe Forum Muzyki
2017-06-06 16:50:00.040;176;3;2;Nowy Targ
2017-06-06 16:50:02.047;749;0;2;Parking Hala Stulecia
2017-06-06 16:50:02.063;52;4;0;ul. œw. Antoniego
2017-06-06 16:53:52.000;540;3;4;Narodowe Forum Muzyki
2017-06-06 16:55:00.010;177;1;2;Nowy Targ
2017-06-06 16:55:01.267;753;1;5;Parking Hala Stulecia
2017-06-06 16:55:01.823;55;0;2;ul. œw. Antoniego
2017-06-06 16:56:02.163;251;0;0;Renoma
2017-06-06 16:58:52.000;540;2;2;Narodowe Forum Muzyki
2017-06-06 17:00:00.040;184;2;9;Nowy Targ
2017-06-06 17:00:01.217;52;2;1;ul. œw. Antoniego
2017-06-06 17:00:01.327;756;0;3;Parking Hala Stulecia
2017-06-06 17:03:52.000;536;5;1;Narodowe Forum Muzyki
2017-06-06 17:05:00.010;190;1;7;Nowy Targ
2017-06-06 17:05:01.580;759;0;3;Parking Hala Stulecia
2017-06-06 17:05:01.800;52;1;2;ul. œw. Antoniego
2017-06-06 17:06:02.227;298;0;0;Renoma
2017-06-06 17:08:52.000;535;3;3;Narodowe Forum Muzyki
2017-06-06 17:10:00.037;205;2;17;Nowy Targ
2017-06-06 17:10:01.170;53;1;2;ul. œw. Antoniego
2017-06-06 17:10:01.687;758;2;1;Parking Hala Stulecia
2017-06-06 17:13:52.000;536;4;6;Narodowe Forum Muzyki
2017-06-06 17:15:00.010;210;5;10;Nowy Targ
2017-06-06 17:15:01.600;761;0;3;Parking Hala Stulecia
2017-06-06 17:15:02.027;60;0;4;ul. œw. Antoniego
2017-06-06 17:16:02.187;307;0;0;Renoma
2017-06-06 17:18:52.000;536;1;1;Narodowe Forum Muzyki
2017-06-06 17:20:00.043;214;3;7;Nowy Targ
2017-06-06 17:20:01.850;64;0;4;ul. œw. Antoniego
2017-06-06 17:20:02.060;761;0;0;Parking Hala Stulecia
2017-06-06 17:23:52.000;534;4;2;Narodowe Forum Muzyki
2017-06-06 17:25:00.010;217;1;4;Nowy Targ
2017-06-06 17:25:01.217;763;0;2;Parking Hala Stulecia
2017-06-06 17:25:01.773;68;1;4;ul. œw. Antoniego
2017-06-06 17:26:02.040;308;0;0;Renoma
2017-06-06 17:28:52.000;536;3;6;Narodowe Forum Muzyki
2017-06-06 17:30:00.047;226;1;10;Nowy Targ
2017-06-06 17:30:01.340;765;1;3;Parking Hala Stulecia
2017-06-06 17:30:01.933;61;4;1;ul. œw. Antoniego
2017-06-06 17:33:52.000;537;2;4;Narodowe Forum Muzyki
2017-06-06 17:35:00.010;231;2;7;Nowy Targ
2017-06-06 17:35:01.310;766;0;1;Parking Hala Stulecia
2017-06-06 17:35:01.747;60;2;2;ul. œw. Antoniego
2017-06-06 17:36:01.750;275;0;0;Renoma
2017-06-06 17:38:52.000;542;1;6;Narodowe Forum Muzyki
2017-06-06 17:40:00.010;232;0;1;Nowy Targ
2017-06-06 17:40:01.280;768;0;2;Parking Hala Stulecia
2017-06-06 17:40:01.707;60;1;2;ul. œw. Antoniego
2017-06-06 17:43:52.000;541;4;3;Narodowe Forum Muzyki
2017-06-06 17:45:00.017;235;1;4;Nowy Targ
2017-06-06 17:45:01.457;61;2;3;ul. œw. Antoniego
2017-06-06 17:45:02.217;769;0;1;Parking Hala Stulecia
2017-06-06 17:46:01.467;274;0;0;Renoma
2017-06-06 17:48:52.000;545;2;6;Narodowe Forum Muzyki
2017-06-06 17:50:00.043;237;2;4;Nowy Targ
2017-06-06 17:50:01.863;63;0;1;ul. œw. Antoniego
2017-06-06 17:50:01.923;770;0;1;Parking Hala Stulecia
2017-06-06 17:53:52.000;547;4;8;Narodowe Forum Muzyki
2017-06-06 17:55:00.013;240;0;3;Nowy Targ
2017-06-06 17:55:01.727;61;1;0;ul. œw. Antoniego
2017-06-06 17:55:02.193;771;0;1;Parking Hala Stulecia
2017-06-06 17:56:01.867;304;0;0;Renoma
2017-06-06 17:58:52.000;546;5;9;Narodowe Forum Muzyki
2017-06-06 18:00:00.040;237;5;2;Nowy Targ
2017-06-06 18:00:01.377;772;0;1;Parking Hala Stulecia
2017-06-06 18:00:01.860;59;3;2;ul. œw. Antoniego
2017-06-06 18:03:52.000;547;4;5;Narodowe Forum Muzyki
2017-06-06 18:05:00.013;237;3;3;Nowy Targ
2017-06-06 18:05:01.447;773;0;1;Parking Hala Stulecia
2017-06-06 18:05:01.740;60;0;1;ul. œw. Antoniego
2017-06-06 18:06:01.547;289;0;0;Renoma
2017-06-06 18:08:52.000;550;1;3;Narodowe Forum Muzyki
2017-06-06 18:10:00.043;241;2;6;Nowy Targ
2017-06-06 18:10:01.520;773;0;0;Parking Hala Stulecia
2017-06-06 18:10:02.050;62;1;3;ul. œw. Antoniego
2017-06-06 18:13:52.000;553;4;7;Narodowe Forum Muzyki
2017-06-06 18:15:00.010;243;1;3;Nowy Targ
2017-06-06 18:15:01.507;773;1;1;Parking Hala Stulecia
2017-06-06 18:15:02.010;65;0;2;ul. œw. Antoniego
2017-06-06 18:16:01.260;290;0;0;Renoma
2017-06-06 18:18:52.000;553;0;0;Narodowe Forum Muzyki
2017-06-06 18:20:00.043;245;1;3;Nowy Targ
2017-06-06 18:20:01.693;62;3;2;ul. œw. Antoniego
2017-06-06 18:20:01.940;775;0;2;Parking Hala Stulecia
2017-06-06 18:23:52.000;554;1;2;Narodowe Forum Muzyki
2017-06-06 18:25:00.010;247;0;2;Nowy Targ
2017-06-06 18:25:01.750;58;4;2;ul. œw. Antoniego
2017-06-06 18:25:02.143;776;0;1;Parking Hala Stulecia
2017-06-06 18:26:01.363;280;0;0;Renoma
2017-06-06 18:28:52.000;555;2;3;Narodowe Forum Muzyki
2017-06-06 18:30:00.043;247;2;2;Nowy Targ
2017-06-06 18:30:01.530;774;4;2;Parking Hala Stulecia
2017-06-06 18:30:02.017;62;0;3;ul. œw. Antoniego
2017-06-06 18:33:52.000;556;0;1;Narodowe Forum Muzyki
2017-06-06 18:35:00.010;246;2;1;Nowy Targ
2017-06-06 18:35:01.447;773;1;0;Parking Hala Stulecia
2017-06-06 18:35:01.747;62;1;1;ul. œw. Antoniego
2017-06-06 18:36:01.073;301;0;0;Renoma
2017-06-06 18:38:52.000;556;3;3;Narodowe Forum Muzyki
2017-06-06 18:40:00.043;250;1;5;Nowy Targ
2017-06-06 18:40:01.367;773;0;0;Parking Hala Stulecia
2017-06-06 18:40:01.850;62;1;1;ul. œw. Antoniego
2017-06-06 18:43:52.000;559;1;4;Narodowe Forum Muzyki
2017-06-06 18:45:01.383;63;1;1;ul. œw. Antoniego
2017-06-06 18:45:01.963;776;0;3;Parking Hala Stulecia
2017-06-06 18:46:00.713;328;0;0;Renoma
2017-06-06 18:48:52.000;559;2;2;Narodowe Forum Muzyki
2017-06-06 18:50:01.443;65;0;1;ul. œw. Antoniego
2017-06-06 18:50:02.143;775;1;0;Parking Hala Stulecia
2017-06-06 18:53:52.000;567;1;9;Narodowe Forum Muzyki
2017-06-06 18:55:01.537;66;1;2;ul. œw. Antoniego
2017-06-06 18:55:02.107;777;1;3;Parking Hala Stulecia
2017-06-06 18:56:01.083;304;0;0;Renoma
2017-06-06 18:58:52.000;568;1;2;Narodowe Forum Muzyki
2017-06-06 19:00:01.663;779;0;2;Parking Hala Stulecia
2017-06-06 19:00:01.993;68;0;1;ul. œw. Antoniego
2017-06-06 19:03:52.000;566;3;1;Narodowe Forum Muzyki
2017-06-06 19:05:01.410;67;3;2;ul. œw. Antoniego
2017-06-06 19:05:01.757;779;1;1;Parking Hala Stulecia
2017-06-06 19:06:00.977;302;0;0;Renoma
2017-06-06 19:08:52.000;567;0;1;Narodowe Forum Muzyki
2017-06-06 19:10:01.453;69;0;1;ul. œw. Antoniego
2017-06-06 19:10:01.820;779;0;0;Parking Hala Stulecia
2017-06-06 19:13:52.000;569;0;2;Narodowe Forum Muzyki
2017-06-06 19:15:01.487;70;0;1;ul. œw. Antoniego
2017-06-06 19:15:01.867;783;1;1;Parking Hala Stulecia
2017-06-06 19:16:00.647;336;0;0;Renoma
2017-06-06 19:18:52.000;571;0;2;Narodowe Forum Muzyki
2017-06-06 19:20:01.487;68;1;0;ul. œw. Antoniego
2017-06-06 19:20:02.097;784;1;2;Parking Hala Stulecia
2017-06-06 19:23:52.000;573;0;2;Narodowe Forum Muzyki
2017-06-06 19:25:01.573;66;2;1;ul. œw. Antoniego
2017-06-06 19:25:02.277;785;0;1;Parking Hala Stulecia
2017-06-06 19:26:00.370;332;0;0;Renoma
2017-06-06 19:28:52.000;574;1;2;Narodowe Forum Muzyki
2017-06-06 19:30:01.287;785;0;0;Parking Hala Stulecia
2017-06-06 19:30:01.840;66;0;0;ul. œw. Antoniego
2017-06-06 19:33:52.000;576;1;3;Narodowe Forum Muzyki
2017-06-06 19:35:01.827;68;1;2;ul. œw. Antoniego
2017-06-06 19:35:01.963;784;1;0;Parking Hala Stulecia
2017-06-06 19:36:00.113;351;0;0;Renoma
2017-06-06 19:38:52.000;572;4;0;Narodowe Forum Muzyki
2017-06-06 19:40:01.490;64;3;1;ul. œw. Antoniego
2017-06-06 19:40:02.120;786;0;2;Parking Hala Stulecia
2017-06-06 19:43:52.000;571;3;2;Narodowe Forum Muzyki
2017-06-06 19:45:01.617;786;0;0;Parking Hala Stulecia
2017-06-06 19:45:02.173;62;1;0;ul. œw. Antoniego
2017-06-06 19:46:00.280;347;0;0;Renoma
2017-06-06 19:48:52.000;569;3;1;Narodowe Forum Muzyki
2017-06-06 19:50:01.563;56;3;0;ul. œw. Antoniego
2017-06-06 19:50:01.833;786;0;0;Parking Hala Stulecia
2017-06-06 19:53:52.000;571;1;0;Narodowe Forum Muzyki
2017-06-06 19:55:01.220;56;1;1;ul. œw. Antoniego
2017-06-06 19:55:01.627;786;0;0;Parking Hala Stulecia
2017-06-06 19:56:00.267;336;0;0;Renoma
2017-06-06 19:58:52.000;573;1;2;Narodowe Forum Muzyki
2017-06-06 20:00:01.283;58;0;1;ul. œw. Antoniego
2017-06-06 20:00:01.703;786;0;0;Parking Hala Stulecia
2017-06-06 20:03:52.000;571;2;0;Narodowe Forum Muzyki
2017-06-06 20:05:01.410;58;1;1;ul. œw. Antoniego
2017-06-06 20:05:01.943;785;1;0;Parking Hala Stulecia
2017-06-06 20:05:59.703;371;0;0;Renoma
2017-06-06 20:08:52.000;568;3;0;Narodowe Forum Muzyki
2017-06-06 20:10:01.520;62;0;2;ul. œw. Antoniego
2017-06-06 20:10:01.977;785;0;0;Parking Hala Stulecia
2017-06-06 20:13:52.000;567;2;1;Narodowe Forum Muzyki
2017-06-06 20:15:01.713;62;0;0;ul. œw. Antoniego
2017-06-06 20:15:02.023;787;0;2;Parking Hala Stulecia
2017-06-06 20:15:59.313;381;0;0;Renoma
2017-06-06 20:18:52.000;567;0;0;Narodowe Forum Muzyki
2017-06-06 20:20:01.750;787;0;0;Parking Hala Stulecia
2017-06-06 20:20:02.007;64;0;1;ul. œw. Antoniego
2017-06-06 20:23:52.000;570;0;3;Narodowe Forum Muzyki
2017-06-06 20:25:01.270;66;0;1;ul. œw. Antoniego
2017-06-06 20:25:01.820;788;0;1;Parking Hala Stulecia
2017-06-06 20:25:59.147;413;0;0;Renoma
2017-06-06 20:28:52.000;570;0;0;Narodowe Forum Muzyki
2017-06-06 20:30:01.397;789;0;1;Parking Hala Stulecia
2017-06-06 20:30:01.810;66;0;0;ul. œw. Antoniego
2017-06-06 20:33:52.000;572;0;2;Narodowe Forum Muzyki
2017-06-06 20:35:01.220;789;0;0;Parking Hala Stulecia
2017-06-06 20:35:01.757;66;0;0;ul. œw. Antoniego
2017-06-06 20:35:58.880;360;0;0;Renoma
2017-06-06 20:38:52.000;571;2;1;Narodowe Forum Muzyki
2017-06-06 20:40:01.447;68;1;2;ul. œw. Antoniego
2017-06-06 20:40:02.153;789;0;0;Parking Hala Stulecia
2017-06-06 20:43:52.000;570;2;1;Narodowe Forum Muzyki
2017-06-06 20:45:01.580;68;1;1;ul. œw. Antoniego
2017-06-06 20:45:01.923;789;0;0;Parking Hala Stulecia
2017-06-06 20:45:58.537;419;0;0;Renoma
2017-06-06 20:48:52.000;570;2;1;Narodowe Forum Muzyki
2017-06-06 20:50:01.487;789;0;0;Parking Hala Stulecia
2017-06-06 20:50:01.613;68;1;1;ul. œw. Antoniego
2017-06-06 20:53:52.000;572;0;0;Narodowe Forum Muzyki
2017-06-06 20:55:01.620;789;0;0;Parking Hala Stulecia
2017-06-06 20:55:01.970;68;0;0;ul. œw. Antoniego
2017-06-06 20:55:58.110;378;0;0;Renoma
2017-06-06 20:58:52.000;572;0;0;Narodowe Forum Muzyki
2017-06-06 21:00:01.200;68;1;1;ul. œw. Antoniego
2017-06-06 21:00:01.940;789;0;0;Parking Hala Stulecia
2017-06-06 21:03:52.000;572;0;1;Narodowe Forum Muzyki
2017-06-06 21:05:01.323;66;1;0;ul. œw. Antoniego
2017-06-06 21:05:01.973;789;0;0;Parking Hala Stulecia
2017-06-06 21:05:57.677;468;0;0;Renoma
2017-06-06 21:08:52.000;572;0;1;Narodowe Forum Muzyki
2017-06-06 21:10:01.377;68;0;1;ul. œw. Antoniego
2017-06-06 21:10:01.803;789;0;0;Parking Hala Stulecia
2017-06-06 21:13:52.000;572;0;1;Narodowe Forum Muzyki
2017-06-06 21:15:01.300;789;0;0;Parking Hala Stulecia
2017-06-06 21:15:01.817;67;1;0;ul. œw. Antoniego
2017-06-06 21:15:57.503;412;0;0;Renoma
2017-06-06 21:18:52.000;574;0;1;Narodowe Forum Muzyki
2017-06-06 21:20:01.763;67;0;0;ul. œw. Antoniego
2017-06-06 21:20:02.023;789;0;0;Parking Hala Stulecia
2017-06-06 21:23:52.000;575;0;1;Narodowe Forum Muzyki
2017-06-06 21:25:01.150;69;0;1;ul. œw. Antoniego
2017-06-06 21:25:01.853;789;0;0;Parking Hala Stulecia
2017-06-06 21:25:57.680;443;0;0;Renoma
2017-06-06 21:28:52.000;575;0;0;Narodowe Forum Muzyki
2017-06-06 21:30:01.283;789;0;0;Parking Hala Stulecia
2017-06-06 21:30:01.707;68;2;2;ul. œw. Antoniego
2017-06-06 21:33:52.000;577;0;2;Narodowe Forum Muzyki
2017-06-06 21:35:01.417;68;0;0;ul. œw. Antoniego
2017-06-06 21:35:01.940;789;0;0;Parking Hala Stulecia
2017-06-06 21:35:57.033;424;0;0;Renoma
2017-06-06 21:38:52.000;579;0;2;Narodowe Forum Muzyki
2017-06-06 21:40:01.550;68;0;0;ul. œw. Antoniego
2017-06-06 21:40:01.927;789;0;0;Parking Hala Stulecia
2017-06-06 21:43:52.000;579;0;0;Narodowe Forum Muzyki
2017-06-06 21:45:01.350;789;0;0;Parking Hala Stulecia
2017-06-06 21:45:01.917;70;0;1;ul. œw. Antoniego
2017-06-06 21:45:56.973;388;0;0;Renoma
2017-06-06 21:48:52.000;581;0;2;Narodowe Forum Muzyki
2017-06-06 21:50:01.823;72;0;1;ul. œw. Antoniego
2017-06-06 21:50:02.130;789;0;0;Parking Hala Stulecia
2017-06-06 21:53:52.000;584;0;3;Narodowe Forum Muzyki
2017-06-06 21:55:01.787;72;0;0;ul. œw. Antoniego
2017-06-06 21:55:02.177;791;0;2;Parking Hala Stulecia
2017-06-06 21:55:57.413;434;0;0;Renoma
2017-06-06 21:58:52.000;585;0;1;Narodowe Forum Muzyki
2017-06-06 22:00:01.703;78;0;3;ul. œw. Antoniego
2017-06-06 22:00:02.133;791;0;0;Parking Hala Stulecia
2017-06-06 22:03:52.000;585;0;0;Narodowe Forum Muzyki
2017-06-06 22:05:01.770;792;0;1;Parking Hala Stulecia
2017-06-06 22:05:01.940;81;0;2;ul. œw. Antoniego
2017-06-06 22:05:57.330;409;0;0;Renoma
2017-06-06 22:08:52.000;585;0;0;Narodowe Forum Muzyki
2017-06-06 22:10:01.783;792;0;0;Parking Hala Stulecia
2017-06-06 22:10:02.123;81;0;0;ul. œw. Antoniego
2017-06-06 22:13:52.000;586;0;1;Narodowe Forum Muzyki
2017-06-06 22:15:01.477;83;0;1;ul. œw. Antoniego
2017-06-06 22:15:02.153;792;0;0;Parking Hala Stulecia
2017-06-06 22:15:57.263;425;0;0;Renoma
2017-06-06 22:18:52.000;586;0;0;Narodowe Forum Muzyki
2017-06-06 22:20:01.360;792;0;0;Parking Hala Stulecia
2017-06-06 22:20:01.510;83;0;0;ul. œw. Antoniego
2017-06-06 22:23:52.000;586;0;0;Narodowe Forum Muzyki
2017-06-06 22:25:01.207;792;0;0;Parking Hala Stulecia
2017-06-06 22:25:01.587;83;0;0;ul. œw. Antoniego
2017-06-06 22:25:57.467;412;0;0;Renoma
2017-06-06 22:28:52.000;589;0;3;Narodowe Forum Muzyki
2017-06-06 22:30:01.573;83;0;0;ul. œw. Antoniego
2017-06-06 22:30:02.120;792;0;0;Parking Hala Stulecia
2017-06-06 22:33:52.000;591;0;2;Narodowe Forum Muzyki
2017-06-06 22:35:01.760;792;0;0;Parking Hala Stulecia
2017-06-06 22:35:02.010;85;0;1;ul. œw. Antoniego
2017-06-06 22:35:57.120;507;0;0;Renoma
2017-06-06 22:38:52.000;594;0;3;Narodowe Forum Muzyki
2017-06-06 22:40:01.603;792;0;0;Parking Hala Stulecia
2017-06-06 22:40:01.790;85;0;0;ul. œw. Antoniego
2017-06-06 22:43:52.000;594;0;0;Narodowe Forum Muzyki
2017-06-06 22:45:01.843;792;0;0;Parking Hala Stulecia
2017-06-06 22:45:02.023;85;0;0;ul. œw. Antoniego
2017-06-06 22:45:56.977;588;0;0;Renoma
2017-06-06 22:48:52.000;596;0;2;Narodowe Forum Muzyki
2017-06-06 22:50:01.367;91;0;3;ul. œw. Antoniego
2017-06-06 22:50:01.747;792;0;0;Parking Hala Stulecia
2017-06-06 22:53:52.000;596;0;0;Narodowe Forum Muzyki
2017-06-06 22:55:01.613;792;0;0;Parking Hala Stulecia
2017-06-06 22:55:02.003;93;0;1;ul. œw. Antoniego
2017-06-06 22:55:56.690;538;0;0;Renoma
2017-06-06 22:58:52.000;597;0;1;Narodowe Forum Muzyki
2017-06-06 23:00:01.243;792;0;0;Parking Hala Stulecia
2017-06-06 23:00:01.587;93;0;0;ul. œw. Antoniego
2017-06-06 23:03:52.000;597;0;0;Narodowe Forum Muzyki
2017-06-06 23:05:01.630;97;0;2;ul. œw. Antoniego
2017-06-06 23:05:01.900;792;0;0;Parking Hala Stulecia
2017-06-06 23:05:56.367;514;0;0;Renoma
2017-06-06 23:08:53.000;597;0;0;Narodowe Forum Muzyki
2017-06-06 23:10:01.540;97;0;0;ul. œw. Antoniego
2017-06-06 23:10:02.110;792;0;0;Parking Hala Stulecia
2017-06-06 23:13:52.000;597;0;0;Narodowe Forum Muzyki
2017-06-06 23:15:01.413;97;0;0;ul. œw. Antoniego
2017-06-06 23:15:01.543;792;0;0;Parking Hala Stulecia
2017-06-06 23:15:56.507;592;0;0;Renoma
2017-06-06 23:18:52.000;599;0;2;Narodowe Forum Muzyki
2017-06-06 23:20:01.757;97;0;0;ul. œw. Antoniego
2017-06-06 23:20:02.120;792;0;0;Parking Hala Stulecia
2017-06-06 23:23:53.000;599;0;0;Narodowe Forum Muzyki
2017-06-06 23:25:01.447;792;0;0;Parking Hala Stulecia
2017-06-06 23:25:02.030;97;0;0;ul. œw. Antoniego
2017-06-06 23:25:56.107;527;0;0;Renoma
2017-06-06 23:28:52.000;602;0;3;Narodowe Forum Muzyki
2017-06-06 23:30:01.387;792;0;0;Parking Hala Stulecia
2017-06-06 23:30:01.740;99;0;1;ul. œw. Antoniego
2017-06-06 23:33:52.000;602;0;0;Narodowe Forum Muzyki
2017-06-06 23:35:01.397;792;0;0;Parking Hala Stulecia
2017-06-06 23:35:01.763;99;0;0;ul. œw. Antoniego
2017-06-06 23:35:55.697;586;0;0;Renoma
2017-06-06 23:38:52.000;602;0;0;Narodowe Forum Muzyki
2017-06-06 23:40:01.680;101;0;1;ul. œw. Antoniego
2017-06-06 23:40:02.167;792;0;0;Parking Hala Stulecia
2017-06-06 23:43:52.000;602;0;0;Narodowe Forum Muzyki
2017-06-06 23:45:01.663;792;0;0;Parking Hala Stulecia
2017-06-06 23:45:01.923;103;0;1;ul. œw. Antoniego
2017-06-06 23:45:55.210;540;0;0;Renoma
2017-06-06 23:48:52.000;602;0;0;Narodowe Forum Muzyki
2017-06-06 23:50:01.253;792;0;0;Parking Hala Stulecia
2017-06-06 23:50:01.930;103;0;0;ul. œw. Antoniego
2017-06-06 23:53:52.000;602;0;0;Narodowe Forum Muzyki
2017-06-06 23:55:01.737;103;0;0;ul. œw. Antoniego
2017-06-06 23:55:01.917;792;0;0;Parking Hala Stulecia
2017-06-06 23:55:54.730;579;0;0;Renoma
2017-06-06 23:58:52.000;602;0;0;Narodowe Forum Muzyki
2017-06-07 00:00:01.597;103;0;0;ul. œw. Antoniego
2017-06-07 00:00:01.960;792;0;0;Parking Hala Stulecia
2017-06-07 00:03:52.000;602;0;0;Narodowe Forum Muzyki
2017-06-07 00:05:02.023;792;0;0;Parking Hala Stulecia
2017-06-07 00:05:02.087;104;0;1;ul. œw. Antoniego
2017-06-07 00:05:54.407;575;0;0;Renoma
2017-06-07 00:08:53.000;602;0;0;Narodowe Forum Muzyki
2017-06-07 00:10:01.687;792;0;0;Parking Hala Stulecia
2017-06-07 00:10:02.007;104;0;0;ul. œw. Antoniego
2017-06-07 00:13:52.000;602;0;0;Narodowe Forum Muzyki
2017-06-07 00:15:01.470;792;0;0;Parking Hala Stulecia
2017-06-07 00:15:01.773;104;0;0;ul. œw. Antoniego
2017-06-07 00:15:54.027;553;0;0;Renoma
2017-06-07 00:18:52.000;602;0;0;Narodowe Forum Muzyki
2017-06-07 00:20:01.283;104;0;0;ul. œw. Antoniego
2017-06-07 00:20:02.117;792;0;0;Parking Hala Stulecia
2017-06-07 00:23:53.000;602;0;0;Narodowe Forum Muzyki
2017-06-07 00:25:01.507;792;0;0;Parking Hala Stulecia
2017-06-07 00:25:02.087;104;0;0;ul. œw. Antoniego
2017-06-07 00:25:53.783;524;0;0;Renoma
2017-06-07 00:28:52.000;602;0;0;Narodowe Forum Muzyki
2017-06-07 00:30:01.317;792;0;0;Parking Hala Stulecia
2017-06-07 00:30:01.633;104;0;0;ul. œw. Antoniego
2017-06-07 00:33:52.000;602;0;0;Narodowe Forum Muzyki
2017-06-07 00:35:01.837;792;0;0;Parking Hala Stulecia
2017-06-07 00:35:02.110;104;0;0;ul. œw. Antoniego
2017-06-07 00:35:53.407;492;0;0;Renoma
2017-06-07 00:38:52.000;601;1;0;Narodowe Forum Muzyki
2017-06-07 00:40:01.227;104;0;0;ul. œw. Antoniego
2017-06-07 00:40:01.790;792;0;0;Parking Hala Stulecia
2017-06-07 00:43:52.000;601;0;0;Narodowe Forum Muzyki
2017-06-07 00:45:01.530;792;0;0;Parking Hala Stulecia
2017-06-07 00:45:02.090;104;0;0;ul. œw. Antoniego
2017-06-07 00:45:52.970;556;0;0;Renoma
2017-06-07 00:48:53.000;601;0;0;Narodowe Forum Muzyki
2017-06-07 00:50:01.740;104;0;0;ul. œw. Antoniego
2017-06-07 00:50:02.133;792;0;0;Parking Hala Stulecia
2017-06-07 00:53:53.000;601;0;0;Narodowe Forum Muzyki
2017-06-07 00:55:01.313;792;0;0;Parking Hala Stulecia
2017-06-07 00:55:01.893;104;0;0;ul. œw. Antoniego
2017-06-07 00:55:52.470;506;0;0;Renoma
2017-06-07 00:58:53.000;601;0;0;Narodowe Forum Muzyki
2017-06-07 01:00:01.223;104;0;0;ul. œw. Antoniego
2017-06-07 01:00:02.010;792;0;0;Parking Hala Stulecia
2017-06-07 01:03:53.000;601;0;0;Narodowe Forum Muzyki
2017-06-07 01:05:01.237;104;0;0;ul. œw. Antoniego
2017-06-07 01:05:01.530;792;0;0;Parking Hala Stulecia
2017-06-07 01:05:52.230;500;0;0;Renoma
2017-06-07 01:08:53.000;601;0;0;Narodowe Forum Muzyki
2017-06-07 01:10:01.300;792;0;0;Parking Hala Stulecia
2017-06-07 01:10:01.980;104;0;0;ul. œw. Antoniego
2017-06-07 01:13:53.000;608;0;0;Narodowe Forum Muzyki
2017-06-07 01:15:01.537;104;0;0;ul. œw. Antoniego
2017-06-07 01:15:02.070;792;0;0;Parking Hala Stulecia
2017-06-07 01:15:51.843;532;0;0;Renoma
2017-06-07 01:18:53.000;608;0;0;Narodowe Forum Muzyki
2017-06-07 01:20:01.517;792;0;0;Parking Hala Stulecia
2017-06-07 01:20:02.067;106;0;1;ul. œw. Antoniego
2017-06-07 01:23:53.000;608;0;0;Narodowe Forum Muzyki
2017-06-07 01:25:01.340;106;0;0;ul. œw. Antoniego
2017-06-07 01:25:01.733;792;0;0;Parking Hala Stulecia
2017-06-07 01:25:51.177;512;0;0;Renoma
2017-06-07 01:28:53.000;608;0;0;Narodowe Forum Muzyki
2017-06-07 01:30:01.307;792;0;0;Parking Hala Stulecia
2017-06-07 01:30:01.873;106;0;1;ul. œw. Antoniego
2017-06-07 01:33:53.000;608;0;0;Narodowe Forum Muzyki
2017-06-07 01:35:01.297;106;0;0;ul. œw. Antoniego
2017-06-07 01:35:01.580;792;0;0;Parking Hala Stulecia
2017-06-07 01:35:50.913;547;0;0;Renoma
2017-06-07 01:38:53.000;609;0;1;Narodowe Forum Muzyki
2017-06-07 01:40:01.170;106;0;0;ul. œw. Antoniego
2017-06-07 01:40:01.643;792;0;0;Parking Hala Stulecia
2017-06-07 01:43:53.000;609;0;0;Narodowe Forum Muzyki
2017-06-07 01:45:01.477;106;0;0;ul. œw. Antoniego
2017-06-07 01:45:01.923;792;0;0;Parking Hala Stulecia
2017-06-07 01:45:50.313;520;0;0;Renoma
2017-06-07 01:48:53.000;609;0;0;Narodowe Forum Muzyki
2017-06-07 01:50:01.253;106;0;0;ul. œw. Antoniego
2017-06-07 01:50:02.190;792;0;0;Parking Hala Stulecia
2017-06-07 01:53:53.000;609;0;0;Narodowe Forum Muzyki
2017-06-07 01:55:01.147;106;0;0;ul. œw. Antoniego
2017-06-07 01:55:01.637;792;0;0;Parking Hala Stulecia
2017-06-07 01:55:49.620;569;0;0;Renoma
2017-06-07 01:58:53.000;609;0;0;Narodowe Forum Muzyki
2017-06-07 02:00:01.920;792;0;0;Parking Hala Stulecia
2017-06-07 02:00:02.113;106;0;0;ul. œw. Antoniego
2017-06-07 02:03:53.000;609;0;0;Narodowe Forum Muzyki
2017-06-07 02:05:01.457;792;0;0;Parking Hala Stulecia
2017-06-07 02:05:01.990;106;0;0;ul. œw. Antoniego
2017-06-07 02:05:49.163;507;0;0;Renoma
2017-06-07 02:08:53.000;609;0;0;Narodowe Forum Muzyki
2017-06-07 02:10:01.263;792;0;0;Parking Hala Stulecia
2017-06-07 02:10:01.357;106;0;0;ul. œw. Antoniego
2017-06-07 02:13:53.000;609;0;0;Narodowe Forum Muzyki
2017-06-07 02:15:01.560;106;0;0;ul. œw. Antoniego
2017-06-07 02:15:02.167;792;0;0;Parking Hala Stulecia
2017-06-07 02:15:48.970;569;0;0;Renoma
2017-06-07 02:18:53.000;609;0;0;Narodowe Forum Muzyki
2017-06-07 02:20:01.207;106;0;0;ul. œw. Antoniego
2017-06-07 02:20:02.170;792;0;0;Parking Hala Stulecia
2017-06-07 02:23:53.000;609;0;0;Narodowe Forum Muzyki
2017-06-07 02:25:01.493;792;0;0;Parking Hala Stulecia
2017-06-07 02:25:01.500;106;0;0;ul. œw. Antoniego
2017-06-07 02:25:49.337;537;0;0;Renoma
2017-06-07 02:28:53.000;609;0;0;Narodowe Forum Muzyki
2017-06-07 02:30:01.853;792;0;0;Parking Hala Stulecia
2017-06-07 02:30:02.080;106;0;0;ul. œw. Antoniego
2017-06-07 02:33:53.000;609;0;0;Narodowe Forum Muzyki
2017-06-07 02:35:02.103;106;0;0;ul. œw. Antoniego
2017-06-07 02:35:02.157;792;0;0;Parking Hala Stulecia
2017-06-07 02:35:49.107;546;0;0;Renoma
2017-06-07 02:38:53.000;609;0;0;Narodowe Forum Muzyki
2017-06-07 02:40:01.520;792;0;0;Parking Hala Stulecia
2017-06-07 02:40:01.527;106;0;0;ul. œw. Antoniego
2017-06-07 02:43:53.000;609;0;0;Narodowe Forum Muzyki
2017-06-07 02:45:01.643;106;0;0;ul. œw. Antoniego
2017-06-07 02:45:01.747;792;0;0;Parking Hala Stulecia
2017-06-07 02:45:48.987;583;0;0;Renoma
2017-06-07 02:48:53.000;609;0;0;Narodowe Forum Muzyki
2017-06-07 02:50:02.017;106;0;0;ul. œw. Antoniego
2017-06-07 02:50:02.037;792;0;0;Parking Hala Stulecia
2017-06-07 02:53:53.000;609;0;0;Narodowe Forum Muzyki
2017-06-07 02:55:01.543;792;0;0;Parking Hala Stulecia
2017-06-07 02:55:01.810;106;0;0;ul. œw. Antoniego
2017-06-07 02:55:48.997;539;0;0;Renoma
2017-06-07 02:58:53.000;609;0;0;Narodowe Forum Muzyki
2017-06-07 03:00:01.737;106;0;0;ul. œw. Antoniego
2017-06-07 03:00:01.870;792;0;0;Parking Hala Stulecia
2017-06-07 03:03:53.000;609;0;0;Narodowe Forum Muzyki
2017-06-07 03:05:01.720;792;0;0;Parking Hala Stulecia
2017-06-07 03:05:01.767;106;0;0;ul. œw. Antoniego
2017-06-07 03:05:49.057;557;0;0;Renoma
2017-06-07 03:08:53.000;609;0;0;Narodowe Forum Muzyki
2017-06-07 03:10:01.617;792;0;0;Parking Hala Stulecia
2017-06-07 03:10:01.620;106;0;0;ul. œw. Antoniego
2017-06-07 03:13:53.000;609;0;0;Narodowe Forum Muzyki
2017-06-07 03:15:01.533;792;0;0;Parking Hala Stulecia
2017-06-07 03:15:01.597;106;0;0;ul. œw. Antoniego
2017-06-07 03:15:48.703;567;0;0;Renoma
2017-06-07 03:18:53.000;609;0;0;Narodowe Forum Muzyki
2017-06-07 03:20:01.240;106;0;0;ul. œw. Antoniego
2017-06-07 03:20:01.410;792;0;0;Parking Hala Stulecia
2017-06-07 03:23:53.000;609;0;0;Narodowe Forum Muzyki
2017-06-07 03:25:01.413;106;0;0;ul. œw. Antoniego
2017-06-07 03:25:01.563;792;0;0;Parking Hala Stulecia
2017-06-07 03:25:48.100;517;0;0;Renoma
2017-06-07 03:28:53.000;609;0;0;Narodowe Forum Muzyki
2017-06-07 03:30:01.637;106;0;0;ul. œw. Antoniego
2017-06-07 03:30:01.673;792;0;0;Parking Hala Stulecia
2017-06-07 03:33:53.000;609;0;0;Narodowe Forum Muzyki
2017-06-07 03:35:01.423;792;0;0;Parking Hala Stulecia
2017-06-07 03:35:01.553;106;0;0;ul. œw. Antoniego
2017-06-07 03:35:47.460;562;0;0;Renoma
2017-06-07 03:38:53.000;609;0;0;Narodowe Forum Muzyki
2017-06-07 03:40:01.590;792;0;0;Parking Hala Stulecia
2017-06-07 03:40:01.950;106;0;0;ul. œw. Antoniego
2017-06-07 03:43:53.000;609;0;0;Narodowe Forum Muzyki
2017-06-07 03:45:01.257;106;0;0;ul. œw. Antoniego
2017-06-07 03:45:01.820;792;0;0;Parking Hala Stulecia
2017-06-07 03:45:47.260;511;0;0;Renoma
2017-06-07 03:48:53.000;609;0;0;Narodowe Forum Muzyki
2017-06-07 03:50:01.200;106;0;0;ul. œw. Antoniego
2017-06-07 03:50:01.857;791;1;0;Parking Hala Stulecia
2017-06-07 03:53:53.000;609;0;0;Narodowe Forum Muzyki
2017-06-07 03:55:01.267;792;0;1;Parking Hala Stulecia
2017-06-07 03:55:01.903;106;0;0;ul. œw. Antoniego
2017-06-07 03:55:46.783;537;0;0;Renoma
2017-06-07 04:00:01.760;106;0;0;ul. œw. Antoniego
2017-06-07 04:00:02.143;792;0;0;Parking Hala Stulecia
2017-06-07 04:03:53.000;609;0;0;Narodowe Forum Muzyki
2017-06-07 04:05:01.243;792;0;0;Parking Hala Stulecia
2017-06-07 04:05:01.767;106;0;0;ul. œw. Antoniego
2017-06-07 04:05:46.563;548;0;0;Renoma
2017-06-07 04:08:53.000;609;0;0;Narodowe Forum Muzyki
2017-06-07 04:10:01.230;792;0;0;Parking Hala Stulecia
2017-06-07 04:10:01.670;106;0;0;ul. œw. Antoniego
2017-06-07 04:13:53.000;609;0;0;Narodowe Forum Muzyki
2017-06-07 04:15:01.410;792;0;0;Parking Hala Stulecia
2017-06-07 04:15:01.763;106;0;0;ul. œw. Antoniego
2017-06-07 04:15:46.027;556;0;0;Renoma
2017-06-07 04:18:53.000;609;0;0;Narodowe Forum Muzyki
2017-06-07 04:20:01.693;106;0;0;ul. œw. Antoniego
2017-06-07 04:20:02.157;792;0;0;Parking Hala Stulecia
2017-06-07 04:23:53.000;609;0;0;Narodowe Forum Muzyki
2017-06-07 04:25:01.293;106;0;0;ul. œw. Antoniego
2017-06-07 04:25:02.140;792;0;0;Parking Hala Stulecia
2017-06-07 04:25:45.560;515;0;0;Renoma
2017-06-07 04:28:53.000;609;0;0;Narodowe Forum Muzyki
2017-06-07 04:30:01.553;792;0;0;Parking Hala Stulecia
2017-06-07 04:30:01.613;106;0;0;ul. œw. Antoniego
2017-06-07 04:33:53.000;609;0;0;Narodowe Forum Muzyki
2017-06-07 04:35:01.590;792;0;0;Parking Hala Stulecia
2017-06-07 04:35:02.087;106;0;0;ul. œw. Antoniego
2017-06-07 04:35:45.147;595;0;0;Renoma
2017-06-07 04:38:53.000;609;0;0;Narodowe Forum Muzyki
2017-06-07 04:40:01.537;106;0;0;ul. œw. Antoniego
2017-06-07 04:40:02.090;792;0;0;Parking Hala Stulecia
2017-06-07 04:43:53.000;609;0;0;Narodowe Forum Muzyki
2017-06-07 04:45:01.230;792;0;0;Parking Hala Stulecia
2017-06-07 04:45:01.320;106;0;0;ul. œw. Antoniego
2017-06-07 04:45:45.127;523;0;0;Renoma
2017-06-07 04:48:53.000;609;0;0;Narodowe Forum Muzyki
2017-06-07 04:50:01.363;792;0;0;Parking Hala Stulecia
2017-06-07 04:50:01.943;106;0;0;ul. œw. Antoniego
2017-06-07 04:53:53.000;609;0;0;Narodowe Forum Muzyki
2017-06-07 04:55:01.677;792;0;0;Parking Hala Stulecia
2017-06-07 04:55:01.683;106;0;0;ul. œw. Antoniego
2017-06-07 04:55:44.920;594;0;0;Renoma
2017-06-07 04:58:53.000;609;0;0;Narodowe Forum Muzyki
2017-06-07 05:00:01.837;106;0;0;ul. œw. Antoniego
2017-06-07 05:00:02.117;792;0;0;Parking Hala Stulecia
2017-06-07 05:03:53.000;609;0;0;Narodowe Forum Muzyki
2017-06-07 05:05:01.510;106;0;0;ul. œw. Antoniego
2017-06-07 05:05:01.867;792;0;0;Parking Hala Stulecia
2017-06-07 05:05:44.563;561;0;0;Renoma
2017-06-07 05:08:53.000;609;0;0;Narodowe Forum Muzyki
2017-06-07 05:10:01.157;106;0;0;ul. œw. Antoniego
2017-06-07 05:10:01.207;792;0;0;Parking Hala Stulecia
2017-06-07 05:13:53.000;609;0;0;Narodowe Forum Muzyki
2017-06-07 05:15:01.220;792;0;0;Parking Hala Stulecia
2017-06-07 05:15:01.740;106;0;0;ul. œw. Antoniego
2017-06-07 05:15:44.213;548;0;0;Renoma
2017-06-07 05:18:53.000;609;0;0;Narodowe Forum Muzyki
2017-06-07 05:20:01.500;106;0;0;ul. œw. Antoniego
2017-06-07 05:20:02.047;792;0;0;Parking Hala Stulecia
2017-06-07 05:23:53.000;609;0;0;Narodowe Forum Muzyki
2017-06-07 05:25:01.243;106;0;0;ul. œw. Antoniego
2017-06-07 05:25:02.177;792;0;0;Parking Hala Stulecia
2017-06-07 05:25:43.753;531;0;0;Renoma
2017-06-07 05:28:53.000;609;0;0;Narodowe Forum Muzyki
2017-06-07 05:30:01.867;792;0;0;Parking Hala Stulecia
2017-06-07 05:30:01.983;106;0;0;ul. œw. Antoniego
2017-06-07 05:33:53.000;609;0;0;Narodowe Forum Muzyki
2017-06-07 05:35:01.680;792;0;0;Parking Hala Stulecia
2017-06-07 05:35:02.070;106;0;0;ul. œw. Antoniego
2017-06-07 05:35:43.483;534;0;0;Renoma
2017-06-07 05:38:53.000;609;0;0;Narodowe Forum Muzyki
2017-06-07 05:40:01.447;792;0;0;Parking Hala Stulecia
2017-06-07 05:40:01.817;106;0;0;ul. œw. Antoniego
2017-06-07 05:43:53.000;609;0;0;Narodowe Forum Muzyki
2017-06-07 05:45:01.613;106;0;0;ul. œw. Antoniego
2017-06-07 05:45:02.143;792;0;0;Parking Hala Stulecia
2017-06-07 05:45:43.687;535;0;0;Renoma
2017-06-07 05:48:53.000;609;0;0;Narodowe Forum Muzyki
2017-06-07 05:50:01.217;106;0;0;ul. œw. Antoniego
2017-06-07 05:50:02.073;792;0;0;Parking Hala Stulecia
2017-06-07 05:53:53.000;609;0;0;Narodowe Forum Muzyki
2017-06-07 05:55:01.327;792;0;0;Parking Hala Stulecia
2017-06-07 05:55:01.957;106;0;0;ul. œw. Antoniego
2017-06-07 05:55:43.220;490;0;0;Renoma
2017-06-07 05:58:53.000;609;0;0;Narodowe Forum Muzyki
2017-06-07 06:00:01.220;792;0;0;Parking Hala Stulecia
2017-06-07 06:00:01.750;106;0;0;ul. œw. Antoniego
2017-06-07 06:03:53.000;609;0;0;Narodowe Forum Muzyki
2017-06-07 06:05:01.970;106;0;0;ul. œw. Antoniego
2017-06-07 06:05:02.107;792;0;0;Parking Hala Stulecia
2017-06-07 06:05:43.760;541;0;0;Renoma
2017-06-07 06:08:53.000;609;0;0;Narodowe Forum Muzyki
2017-06-07 06:10:01.290;790;2;0;Parking Hala Stulecia
2017-06-07 06:10:01.507;106;0;0;ul. œw. Antoniego
2017-06-07 06:13:53.000;609;0;0;Narodowe Forum Muzyki
2017-06-07 06:15:01.547;106;0;0;ul. œw. Antoniego
2017-06-07 06:15:02.073;790;0;0;Parking Hala Stulecia
2017-06-07 06:15:43.783;585;0;0;Renoma
2017-06-07 06:18:53.000;609;0;0;Narodowe Forum Muzyki
2017-06-07 06:20:01.627;791;0;1;Parking Hala Stulecia
2017-06-07 06:20:02.030;105;1;0;ul. œw. Antoniego
2017-06-07 06:23:53.000;609;0;0;Narodowe Forum Muzyki
2017-06-07 06:25:01.447;791;0;0;Parking Hala Stulecia
2017-06-07 06:25:01.573;105;0;0;ul. œw. Antoniego
2017-06-07 06:25:44.037;570;0;0;Renoma
2017-06-07 06:28:53.000;609;0;0;Narodowe Forum Muzyki
2017-06-07 06:30:01.337;790;1;0;Parking Hala Stulecia
2017-06-07 06:30:02.090;105;0;0;ul. œw. Antoniego
2017-06-07 06:33:53.000;609;0;0;Narodowe Forum Muzyki
2017-06-07 06:35:01.497;790;0;0;Parking Hala Stulecia
2017-06-07 06:35:02.000;106;0;1;ul. œw. Antoniego
2017-06-07 06:35:43.653;528;0;0;Renoma
2017-06-07 06:38:53.000;609;0;0;Narodowe Forum Muzyki
2017-06-07 06:40:01.303;789;1;0;Parking Hala Stulecia
2017-06-07 06:40:01.470;106;0;0;ul. œw. Antoniego
2017-06-07 06:43:53.000;609;0;0;Narodowe Forum Muzyki
2017-06-07 06:45:01.303;789;0;0;Parking Hala Stulecia
2017-06-07 06:45:01.653;106;0;0;ul. œw. Antoniego
2017-06-07 06:45:43.327;537;0;0;Renoma
2017-06-07 06:48:53.000;609;0;0;Narodowe Forum Muzyki
2017-06-07 06:50:01.350;789;0;0;Parking Hala Stulecia
2017-06-07 06:50:01.647;106;0;0;ul. œw. Antoniego
2017-06-07 06:53:53.000;609;0;0;Narodowe Forum Muzyki
2017-06-07 06:55:01.670;106;0;0;ul. œw. Antoniego
2017-06-07 06:55:01.857;789;0;0;Parking Hala Stulecia
2017-06-07 06:55:43.587;499;0;0;Renoma
2017-06-07 06:58:53.000;609;0;0;Narodowe Forum Muzyki
2017-06-07 07:00:01.337;789;0;0;Parking Hala Stulecia
2017-06-07 07:00:02.040;105;1;0;ul. œw. Antoniego
2017-06-07 07:03:53.000;609;0;0;Narodowe Forum Muzyki
2017-06-07 07:05:01.907;105;0;0;ul. œw. Antoniego
2017-06-07 07:05:02.190;789;0;0;Parking Hala Stulecia
2017-06-07 07:05:43.647;480;0;0;Renoma
2017-06-07 07:08:53.000;609;0;0;Narodowe Forum Muzyki
2017-06-07 07:10:01.483;789;0;0;Parking Hala Stulecia
2017-06-07 07:10:02.053;104;1;0;ul. œw. Antoniego
2017-06-07 07:13:53.000;609;0;0;Narodowe Forum Muzyki
2017-06-07 07:15:01.377;789;0;0;Parking Hala Stulecia
2017-06-07 07:15:02.030;104;0;0;ul. œw. Antoniego
2017-06-07 07:15:43.230;483;0;0;Renoma
2017-06-07 07:18:53.000;609;0;0;Narodowe Forum Muzyki
2017-06-07 07:20:01.503;102;1;0;ul. œw. Antoniego
2017-06-07 07:20:02.070;789;0;0;Parking Hala Stulecia
2017-06-07 07:23:53.000;608;1;0;Narodowe Forum Muzyki
2017-06-07 07:25:01.450;102;0;0;ul. œw. Antoniego
2017-06-07 07:25:02.023;789;0;0;Parking Hala Stulecia
2017-06-07 07:25:43.063;494;0;0;Renoma
2017-06-07 07:28:53.000;608;1;0;Narodowe Forum Muzyki
2017-06-07 07:30:01.517;102;0;0;ul. œw. Antoniego
2017-06-07 07:30:02.143;789;0;0;Parking Hala Stulecia
2017-06-07 07:33:53.000;607;1;0;Narodowe Forum Muzyki
2017-06-07 07:35:01.217;102;0;0;ul. œw. Antoniego
2017-06-07 07:35:01.870;788;1;0;Parking Hala Stulecia
2017-06-07 07:35:43.397;475;0;0;Renoma
2017-06-07 07:38:53.000;607;0;0;Narodowe Forum Muzyki
2017-06-07 07:40:01.187;104;0;1;ul. œw. Antoniego
2017-06-07 07:40:01.617;787;1;0;Parking Hala Stulecia
2017-06-07 07:43:53.000;607;0;0;Narodowe Forum Muzyki
2017-06-07 07:45:01.333;106;0;1;ul. œw. Antoniego
2017-06-07 07:45:02.080;787;0;0;Parking Hala Stulecia
2017-06-07 07:45:42.910;512;0;0;Renoma
2017-06-07 07:48:53.000;604;3;0;Narodowe Forum Muzyki
2017-06-07 07:50:01.737;788;0;1;Parking Hala Stulecia
2017-06-07 07:50:01.797;105;1;0;ul. œw. Antoniego
2017-06-07 07:53:53.000;603;1;0;Narodowe Forum Muzyki
2017-06-07 07:55:01.230;786;3;1;Parking Hala Stulecia
2017-06-07 07:55:01.757;104;1;0;ul. œw. Antoniego
2017-06-07 07:55:42.463;453;0;0;Renoma
2017-06-07 07:58:53.000;601;2;1;Narodowe Forum Muzyki
2017-06-07 08:00:01.167;103;1;0;ul. œw. Antoniego
2017-06-07 08:00:01.590;786;0;0;Parking Hala Stulecia
2017-06-07 08:03:53.000;601;0;1;Narodowe Forum Muzyki
2017-06-07 08:05:01.350;785;1;0;Parking Hala Stulecia
2017-06-07 08:05:01.740;101;2;0;ul. œw. Antoniego
2017-06-07 08:05:42.147;452;0;0;Renoma
2017-06-07 08:08:53.000;601;0;1;Narodowe Forum Muzyki
2017-06-07 08:10:01.153;97;4;0;ul. œw. Antoniego
2017-06-07 08:10:01.470;784;1;0;Parking Hala Stulecia
2017-06-07 08:13:53.000;602;0;2;Narodowe Forum Muzyki
2017-06-07 08:15:01.783;782;2;0;Parking Hala Stulecia
2017-06-07 08:15:02.133;94;4;1;ul. œw. Antoniego
2017-06-07 08:15:41.873;440;0;0;Renoma
2017-06-07 08:18:53.000;601;1;1;Narodowe Forum Muzyki
2017-06-07 08:20:01.587;93;1;0;ul. œw. Antoniego
2017-06-07 08:20:02.197;780;2;0;Parking Hala Stulecia
2017-06-07 08:23:53.000;601;1;1;Narodowe Forum Muzyki
2017-06-07 08:25:01.367;92;1;0;ul. œw. Antoniego
2017-06-07 08:25:02.143;781;0;1;Parking Hala Stulecia
2017-06-07 08:25:41.797;468;0;0;Renoma
2017-06-07 08:28:53.000;600;1;0;Narodowe Forum Muzyki
2017-06-07 08:30:01.530;92;0;0;ul. œw. Antoniego
2017-06-07 08:30:01.930;777;5;1;Parking Hala Stulecia
2017-06-07 08:33:53.000;598;2;0;Narodowe Forum Muzyki
2017-06-07 08:35:01.177;93;1;1;ul. œw. Antoniego
2017-06-07 08:35:01.833;776;2;1;Parking Hala Stulecia
2017-06-07 08:35:41.590;421;0;0;Renoma
2017-06-07 08:38:53.000;598;0;0;Narodowe Forum Muzyki
2017-06-07 08:40:01.227;93;0;0;ul. œw. Antoniego
2017-06-07 08:40:01.867;775;2;1;Parking Hala Stulecia
2017-06-07 08:43:53.000;597;1;0;Narodowe Forum Muzyki
2017-06-07 08:45:01.713;91;2;0;ul. œw. Antoniego
2017-06-07 08:45:02.157;775;0;0;Parking Hala Stulecia
2017-06-07 08:45:41.120;378;0;0;Renoma
2017-06-07 08:48:53.000;596;4;3;Narodowe Forum Muzyki
2017-06-07 08:50:01.440;90;1;0;ul. œw. Antoniego
2017-06-07 08:50:02.067;776;0;1;Parking Hala Stulecia
2017-06-07 08:53:53.000;593;3;0;Narodowe Forum Muzyki
2017-06-07 08:55:01.257;89;1;0;ul. œw. Antoniego
2017-06-07 08:55:01.927;774;2;0;Parking Hala Stulecia
2017-06-07 08:55:41.147;376;0;0;Renoma
2017-06-07 08:58:53.000;592;1;1;Narodowe Forum Muzyki
2017-06-07 09:00:01.433;775;2;3;Parking Hala Stulecia
2017-06-07 09:00:01.733;85;2;0;ul. œw. Antoniego
2017-06-07 09:03:53.000;589;3;0;Narodowe Forum Muzyki
2017-06-07 09:05:01.657;774;3;2;Parking Hala Stulecia
2017-06-07 09:05:01.703;82;3;0;ul. œw. Antoniego
2017-06-07 09:05:40.633;348;0;0;Renoma
2017-06-07 09:08:53.000;586;3;0;Narodowe Forum Muzyki
2017-06-07 09:10:01.567;768;6;0;Parking Hala Stulecia
2017-06-07 09:10:01.900;75;5;0;ul. œw. Antoniego
2017-06-07 09:13:53.000;584;2;0;Narodowe Forum Muzyki
2017-06-07 09:15:01.517;769;2;3;Parking Hala Stulecia
2017-06-07 09:15:02.110;74;1;0;ul. œw. Antoniego
2017-06-07 09:15:40.190;373;0;0;Renoma
2017-06-07 09:18:53.000;579;5;1;Narodowe Forum Muzyki
2017-06-07 09:20:01.330;70;2;0;ul. œw. Antoniego
2017-06-07 09:20:01.590;768;1;0;Parking Hala Stulecia
2017-06-07 09:23:53.000;579;2;3;Narodowe Forum Muzyki
2017-06-07 09:25:01.400;765;3;0;Parking Hala Stulecia
2017-06-07 09:25:01.700;68;2;0;ul. œw. Antoniego
2017-06-07 09:25:39.903;336;0;0;Renoma
2017-06-07 09:28:53.000;574;5;1;Narodowe Forum Muzyki
2017-06-07 09:30:01.387;762;3;0;Parking Hala Stulecia
2017-06-07 09:30:01.933;68;0;0;ul. œw. Antoniego
2017-06-07 09:33:53.000;571;4;1;Narodowe Forum Muzyki
2017-06-07 09:35:01.333;68;0;0;ul. œw. Antoniego
2017-06-07 09:35:01.627;758;6;2;Parking Hala Stulecia
2017-06-07 09:35:39.317;315;0;0;Renoma
2017-06-07 09:38:53.000;564;7;0;Narodowe Forum Muzyki
2017-06-07 09:40:01.530;66;1;0;ul. œw. Antoniego
2017-06-07 09:40:01.977;755;3;0;Parking Hala Stulecia
2017-06-07 09:43:53.000;562;3;3;Narodowe Forum Muzyki
2017-06-07 09:45:01.417;68;1;2;ul. œw. Antoniego
2017-06-07 09:45:01.953;750;5;0;Parking Hala Stulecia
2017-06-07 09:45:38.737;315;0;0;Renoma
2017-06-07 09:48:53.000;558;4;1;Narodowe Forum Muzyki
2017-06-07 09:50:01.647;748;3;1;Parking Hala Stulecia
2017-06-07 09:50:01.753;64;2;0;ul. œw. Antoniego
2017-06-07 09:53:53.000;552;6;0;Narodowe Forum Muzyki
2017-06-07 09:55:01.187;62;1;0;ul. œw. Antoniego
2017-06-07 09:55:01.617;745;4;1;Parking Hala Stulecia
2017-06-07 09:55:38.507;264;0;0;Renoma
2017-06-07 09:58:53.000;547;6;1;Narodowe Forum Muzyki
2017-06-07 10:00:01.400;60;2;1;ul. œw. Antoniego
2017-06-07 10:00:02.137;743;4;2;Parking Hala Stulecia
2017-06-07 10:03:53.000;546;6;5;Narodowe Forum Muzyki
2017-06-07 10:05:01.417;58;3;1;ul. œw. Antoniego
2017-06-07 10:05:01.997;738;5;0;Parking Hala Stulecia
2017-06-07 10:05:38.287;296;0;0;Renoma
2017-06-07 10:08:53.000;544;4;2;Narodowe Forum Muzyki
2017-06-07 10:10:01.293;736;3;1;Parking Hala Stulecia
2017-06-07 10:10:01.740;60;0;1;ul. œw. Antoniego
2017-06-07 10:13:53.000;542;4;2;Narodowe Forum Muzyki
2017-06-07 10:15:01.620;55;3;0;ul. œw. Antoniego
2017-06-07 10:15:01.917;730;8;2;Parking Hala Stulecia
2017-06-07 10:15:38.173;275;0;0;Renoma
2017-06-07 10:18:53.000;541;3;2;Narodowe Forum Muzyki
2017-06-07 10:20:01.470;730;0;0;Parking Hala Stulecia
2017-06-07 10:20:01.597;52;2;1;ul. œw. Antoniego
2017-06-07 10:23:53.000;538;4;1;Narodowe Forum Muzyki
2017-06-07 10:25:01.190;53;1;1;ul. œw. Antoniego
2017-06-07 10:25:01.600;726;5;1;Parking Hala Stulecia
2017-06-07 10:25:37.713;235;0;0;Renoma
2017-06-07 10:28:53.000;535;3;0;Narodowe Forum Muzyki
2017-06-07 10:30:01.580;716;10;0;Parking Hala Stulecia
2017-06-07 10:30:01.857;54;1;1;ul. œw. Antoniego
2017-06-07 10:33:53.000;536;3;4;Narodowe Forum Muzyki
2017-06-07 10:35:01.693;55;1;1;ul. œw. Antoniego
2017-06-07 10:35:01.693;709;7;0;Parking Hala Stulecia
2017-06-07 10:35:37.483;233;0;0;Renoma
2017-06-07 10:38:53.000;540;2;6;Narodowe Forum Muzyki
2017-06-07 10:40:01.700;703;7;1;Parking Hala Stulecia
2017-06-07 10:40:02.100;56;1;2;ul. œw. Antoniego
2017-06-07 10:43:53.000;541;5;6;Narodowe Forum Muzyki
2017-06-07 10:45:01.300;56;0;0;ul. œw. Antoniego
2017-06-07 10:45:01.447;702;2;1;Parking Hala Stulecia
2017-06-07 10:45:37.240;246;0;0;Renoma
2017-06-07 10:48:53.000;540;2;1;Narodowe Forum Muzyki
2017-06-07 10:50:01.510;56;1;1;ul. œw. Antoniego
2017-06-07 10:50:02.117;695;7;0;Parking Hala Stulecia
2017-06-07 10:53:53.000;540;4;4;Narodowe Forum Muzyki
2017-06-07 10:55:01.653;689;6;0;Parking Hala Stulecia
2017-06-07 10:55:02.073;56;1;1;ul. œw. Antoniego
2017-06-07 10:55:37.420;254;0;0;Renoma
2017-06-07 10:58:53.000;539;3;2;Narodowe Forum Muzyki
2017-06-07 11:00:01.367;51;3;0;ul. œw. Antoniego
2017-06-07 11:00:01.723;683;10;4;Parking Hala Stulecia
2017-06-07 11:03:53.000;535;7;3;Narodowe Forum Muzyki
2017-06-07 11:05:01.350;677;6;0;Parking Hala Stulecia
2017-06-07 11:05:01.637;48;2;0;ul. œw. Antoniego
2017-06-07 11:05:36.923;211;0;0;Renoma
2017-06-07 11:08:53.000;533;5;3;Narodowe Forum Muzyki
2017-06-07 11:10:01.780;46;2;1;ul. œw. Antoniego
2017-06-07 11:10:02.133;673;8;4;Parking Hala Stulecia
2017-06-07 11:13:53.000;531;2;0;Narodowe Forum Muzyki
2017-06-07 11:15:01.367;669;5;1;Parking Hala Stulecia
2017-06-07 11:15:01.517;49;2;3;ul. œw. Antoniego
2017-06-07 11:15:36.217;195;0;0;Renoma
2017-06-07 11:18:53.000;531;4;4;Narodowe Forum Muzyki
2017-06-07 11:20:01.257;46;4;2;ul. œw. Antoniego
2017-06-07 11:20:01.757;664;5;0;Parking Hala Stulecia
2017-06-07 11:23:53.000;531;2;3;Narodowe Forum Muzyki
2017-06-07 11:25:01.243;656;8;0;Parking Hala Stulecia
2017-06-07 11:25:01.637;47;0;1;ul. œw. Antoniego
2017-06-07 11:25:35.917;220;0;0;Renoma
2017-06-07 11:28:53.000;539;1;9;Narodowe Forum Muzyki
2017-06-07 11:30:01.653;43;4;1;ul. œw. Antoniego
2017-06-07 11:30:02.070;648;9;1;Parking Hala Stulecia
2017-06-07 11:33:53.000;536;6;3;Narodowe Forum Muzyki
2017-06-07 11:35:01.207;641;7;0;Parking Hala Stulecia
2017-06-07 11:35:01.633;41;2;1;ul. œw. Antoniego
2017-06-07 11:35:35.667;192;0;0;Renoma
2017-06-07 11:38:53.000;534;4;2;Narodowe Forum Muzyki
2017-06-07 11:40:01.660;41;1;1;ul. œw. Antoniego
2017-06-07 11:40:02.107;635;6;0;Parking Hala Stulecia
2017-06-07 11:43:53.000;535;1;2;Narodowe Forum Muzyki
2017-06-07 11:45:01.387;631;4;0;Parking Hala Stulecia
2017-06-07 11:45:01.677;37;2;0;ul. œw. Antoniego
2017-06-07 11:45:35.300;215;0;0;Renoma
2017-06-07 11:48:53.000;536;1;2;Narodowe Forum Muzyki
2017-06-07 11:50:01.647;36;2;2;ul. œw. Antoniego
2017-06-07 11:50:02.070;626;6;1;Parking Hala Stulecia
2017-06-07 11:53:53.000;536;2;2;Narodowe Forum Muzyki
2017-06-07 11:55:01.330;40;0;2;ul. œw. Antoniego
2017-06-07 11:55:01.997;630;2;6;Parking Hala Stulecia
2017-06-07 11:55:34.923;219;0;0;Renoma
2017-06-07 11:58:53.000;535;2;1;Narodowe Forum Muzyki
2017-06-07 12:00:01.483;33;5;1;ul. œw. Antoniego
2017-06-07 12:00:02.043;626;4;0;Parking Hala Stulecia
2017-06-07 12:03:53.000;536;5;5;Narodowe Forum Muzyki
2017-06-07 12:05:01.387;625;4;3;Parking Hala Stulecia
2017-06-07 12:05:01.680;35;1;2;ul. œw. Antoniego
2017-06-07 12:05:34.237;185;0;0;Renoma
2017-06-07 12:08:53.000;532;6;2;Narodowe Forum Muzyki
2017-06-07 12:10:01.380;36;0;1;ul. œw. Antoniego
2017-06-07 12:10:01.687;620;7;2;Parking Hala Stulecia
2017-06-07 12:13:53.000;529;7;4;Narodowe Forum Muzyki
2017-06-07 12:15:01.403;38;2;3;ul. œw. Antoniego
2017-06-07 12:15:02.153;616;6;2;Parking Hala Stulecia
2017-06-07 12:15:33.807;202;0;0;Renoma
2017-06-07 12:18:53.000;533;1;5;Narodowe Forum Muzyki
2017-06-07 12:20:01.233;616;1;1;Parking Hala Stulecia
2017-06-07 12:20:01.573;40;0;1;ul. œw. Antoniego
2017-06-07 12:23:53.000;531;3;2;Narodowe Forum Muzyki
2017-06-07 12:25:01.480;40;1;1;ul. œw. Antoniego
2017-06-07 12:25:01.890;615;2;1;Parking Hala Stulecia
2017-06-07 12:25:33.540;215;0;0;Renoma
2017-06-07 12:28:53.000;529;3;1;Narodowe Forum Muzyki
2017-06-07 12:30:01.410;617;1;3;Parking Hala Stulecia
2017-06-07 12:30:01.670;41;1;1;ul. œw. Antoniego
2017-06-07 12:35:01.673;37;2;0;ul. œw. Antoniego
2017-06-07 12:35:02.093;618;2;3;Parking Hala Stulecia
2017-06-07 12:35:33.193;199;0;0;Renoma
2017-06-07 12:38:53.000;531;1;2;Narodowe Forum Muzyki
2017-06-07 12:40:01.530;620;1;3;Parking Hala Stulecia
2017-06-07 12:40:01.753;38;0;1;ul. œw. Antoniego
2017-06-07 12:43:53.000;532;3;4;Narodowe Forum Muzyki
2017-06-07 12:45:01.173;40;1;2;ul. œw. Antoniego
2017-06-07 12:45:01.747;619;2;1;Parking Hala Stulecia
2017-06-07 12:45:32.820;208;0;0;Renoma
2017-06-07 12:48:53.000;533;3;4;Narodowe Forum Muzyki
2017-06-07 12:50:01.357;619;1;1;Parking Hala Stulecia
2017-06-07 12:50:01.450;37;2;1;ul. œw. Antoniego
2017-06-07 12:53:53.000;530;6;3;Narodowe Forum Muzyki
2017-06-07 12:55:01.627;36;2;1;ul. œw. Antoniego
2017-06-07 12:55:01.890;618;1;0;Parking Hala Stulecia
2017-06-07 12:55:32.637;181;0;0;Renoma
2017-06-07 12:58:54.000;529;6;6;Narodowe Forum Muzyki
2017-06-07 13:00:01.203;620;2;4;Parking Hala Stulecia
2017-06-07 13:00:01.403;35;2;1;ul. œw. Antoniego
2017-06-07 13:03:53.000;528;3;2;Narodowe Forum Muzyki
2017-06-07 13:05:01.320;620;3;3;Parking Hala Stulecia
2017-06-07 13:05:01.883;31;3;0;ul. œw. Antoniego
2017-06-07 13:05:32.657;179;0;0;Renoma
2017-06-07 13:08:53.000;532;1;3;Narodowe Forum Muzyki
2017-06-07 13:10:01.707;32;2;4;ul. œw. Antoniego
2017-06-07 13:10:02.127;616;7;3;Parking Hala Stulecia
2017-06-07 13:13:53.000;529;5;2;Narodowe Forum Muzyki
2017-06-07 13:15:01.247;617;2;3;Parking Hala Stulecia
2017-06-07 13:15:01.477;31;1;0;ul. œw. Antoniego
2017-06-07 13:15:32.447;178;0;0;Renoma
2017-06-07 13:18:53.000;521;10;3;Narodowe Forum Muzyki
2017-06-07 13:20:01.460;621;3;7;Parking Hala Stulecia
2017-06-07 13:20:02.063;33;0;1;ul. œw. Antoniego
2017-06-07 13:23:53.000;523;3;5;Narodowe Forum Muzyki
2017-06-07 13:25:01.697;37;0;2;ul. œw. Antoniego
2017-06-07 13:25:01.857;618;5;2;Parking Hala Stulecia
2017-06-07 13:25:32.380;187;0;0;Renoma
2017-06-07 13:28:53.000;525;1;3;Narodowe Forum Muzyki
2017-06-07 13:30:01.700;621;2;5;Parking Hala Stulecia
2017-06-07 13:30:01.960;37;1;1;ul. œw. Antoniego
2017-06-07 13:33:53.000;527;1;3;Narodowe Forum Muzyki
2017-06-07 13:35:01.263;39;0;1;ul. œw. Antoniego
2017-06-07 13:35:01.737;620;4;3;Parking Hala Stulecia
2017-06-07 13:35:32.467;164;0;0;Renoma
2017-06-07 13:38:53.000;530;2;5;Narodowe Forum Muzyki
2017-06-07 13:40:01.940;628;1;9;Parking Hala Stulecia
2017-06-07 13:40:01.947;41;2;3;ul. œw. Antoniego
2017-06-07 13:43:53.000;536;2;8;Narodowe Forum Muzyki
2017-06-07 13:45:01.633;41;1;1;ul. œw. Antoniego
2017-06-07 13:45:01.840;630;3;5;Parking Hala Stulecia
2017-06-07 13:45:32.493;196;0;0;Renoma
2017-06-07 13:48:53.000;539;1;4;Narodowe Forum Muzyki
2017-06-07 13:50:01.607;632;2;4;Parking Hala Stulecia
2017-06-07 13:50:01.897;46;1;3;ul. œw. Antoniego
2017-06-07 13:53:54.000;538;3;2;Narodowe Forum Muzyki
2017-06-07 13:55:01.633;44;1;0;ul. œw. Antoniego
2017-06-07 13:55:01.890;629;5;2;Parking Hala Stulecia
2017-06-07 13:55:32.497;192;0;0;Renoma
2017-06-07 13:58:54.000;538;4;4;Narodowe Forum Muzyki
2017-06-07 14:00:01.823;43;2;2;ul. œw. Antoniego
2017-06-07 14:00:01.870;628;1;0;Parking Hala Stulecia
2017-06-07 14:03:53.000;539;4;5;Narodowe Forum Muzyki
2017-06-07 14:05:01.280;629;2;3;Parking Hala Stulecia
2017-06-07 14:05:01.627;40;2;1;ul. œw. Antoniego
2017-06-07 14:05:32.557;181;0;0;Renoma
2017-06-07 14:08:53.000;541;2;4;Narodowe Forum Muzyki
2017-06-07 14:10:01.413;631;3;5;Parking Hala Stulecia
2017-06-07 14:10:01.923;42;1;2;ul. œw. Antoniego
2017-06-07 14:13:53.000;541;2;4;Narodowe Forum Muzyki
2017-06-07 14:15:01.793;43;1;1;ul. œw. Antoniego
2017-06-07 14:15:01.837;636;0;5;Parking Hala Stulecia
2017-06-07 14:15:32.643;209;0;0;Renoma
2017-06-07 14:18:53.000;537;5;2;Narodowe Forum Muzyki
2017-06-07 14:20:01.797;636;5;5;Parking Hala Stulecia
2017-06-07 14:20:02.123;47;1;3;ul. œw. Antoniego
2017-06-07 14:23:53.000;537;2;2;Narodowe Forum Muzyki
2017-06-07 14:25:01.883;47;0;1;ul. œw. Antoniego
2017-06-07 14:25:02.133;633;4;1;Parking Hala Stulecia
2017-06-07 14:25:32.503;195;0;0;Renoma
2017-06-07 14:28:53.000;532;5;1;Narodowe Forum Muzyki
2017-06-07 14:30:01.207;49;0;1;ul. œw. Antoniego
2017-06-07 14:30:01.900;639;1;7;Parking Hala Stulecia
2017-06-07 14:33:53.000;532;5;1;Narodowe Forum Muzyki
2017-06-07 14:35:01.603;644;0;5;Parking Hala Stulecia
2017-06-07 14:35:01.867;47;1;0;ul. œw. Antoniego
2017-06-07 14:35:32.583;213;0;0;Renoma
2017-06-07 14:38:53.000;533;2;2;Narodowe Forum Muzyki
2017-06-07 14:40:01.733;48;0;1;ul. œw. Antoniego
2017-06-07 14:40:01.857;641;3;0;Parking Hala Stulecia
2017-06-07 14:43:53.000;534;2;3;Narodowe Forum Muzyki
2017-06-07 14:48:53.000;539;0;5;Narodowe Forum Muzyki
